,NIT,dt,ventas,activos
0,821002527,2017,$ 464.987.512,$ 264.308.967
1,900387949,2017,$ 250.000.000,$ 50.000.000
2,2687157,2017,$ 5.076.728.000,$ 700.000.000
3,900743505,2017,$ 352.337.658,$ 4.682.381.554
4,805029618,2017,$ 991.635.794,$ 92.418.310
5,900425253,2017,$ 191.327.454,$ 424.241.792
6,815000207,2017,$ 295.397.526,$ 1.391.468.712
7,900421732,2017,$ 338.462.841,$ 200.134.736
8,14994152,2017,$ 240.000.000,$ 20.000.000
9,900698749,2017,$ 180.000.000,$ 12.200.000
10,900468830,2017,$ 407.130.000,$ 1.421.016.000
11,805022666,2017,$ 550.656.000,$ 1.981.311.000
12,900314134,2017,$ 34.246.167.763,$ 10.130.321.608
13,900813653,2017,$ 11.869.208.190,$ 4.725.864.898
14,94228462,2017,$ 337.784.500,$ 52.000.000
15,900665357,2017,$ 456.500.000,$ 10.000.000
16,890323692,2017,,$ 2.792.579.041
17,900560706,2017,$ 1.757.949.590,$ 1.466.469.966
18,805027396,2017,$ 1.488.582.438,$ 665.692.389
19,900260056,2017,$ 748.293.300,$ 2.680.163.257
20,901041336,2017,$ 1.380.360.832,$ 270.313.759
21,900946950,2017,$ 2.610.834.478,$ 2.927.005.593
22,900870666,2017,$ 907.845.855,$ 1.396.973.142
23,16788871,2017,$ 2.070.000.000,$ 781.242.000
24,900235229,2017,$ 1.703.891.000,$ 510.386.000
25,900434637,2017,$ 15.203.633.000,$ 12.844.355.000
26,900959486,2017,$ 218.760.000,$ 4.934.546.000
27,900623520,2017,$ 0,$ 10.000.000
28,14886862,2017,$ 950.000.000,$ 282.650.000
29,891902901,2017,$ 3.564.067.775,$ 3.215.159.963
30,900399560,2017,$ 26.642.929.955,$ 7.207.024.530
31,14879452,2017,$ 5.018.322.062,$ 2.231.338.252
32,890315430,2017,$ 61.591.963.000,$ 81.074.656.000
33,815004662,2017,$ 690.520.000,$ 805.000.000
34,900714090,2017,$ 6.575.613.000,$ 20.976.991.903
35,900704183,2017,$ 521.939.823,$ 207.213.970
36,900211167,2017,$ 213.552.134.000,$ 142.826.705.000
37,890308185,2017,$ 649.007.311,$ 6.515.867.084
38,900598186,2017,$ 11.222.573.000,$ 7.220.591.000
39,900155962,2017,$ 5.610.047.000,$ 969.915.000
40,900062314,2017,$ 41.000.528.528,$ 30.100.239.798
41,900368993,2017,$ 150.254.375,$ 2.275.878.773
42,890302633,2017,$ 464.286.250,$ 962.749.498
43,900475886,2017,$ 3.468.265.254,$ 2.411.739.444
44,890302046,2017,$ 15.454.931.522,$ 7.321.790.074
45,821003038,2017,$ 6.045.030.000,$ 1.662.177.000
46,890320876,2017,$ 16.304.273.667,$ 18.219.580.224
47,31398767,2017,$ 401.000.000,$ 32.000.000
48,900465987,2017,$ 819.312.931,$ 1.350.913.084
49,900701608,2017,$ 514.104.511,$ 47.576.060
50,890301690,2017,$ 220.998.543.000,$ 470.421.863.000
51,900713176,2017,$ 791.252.776,$ 786.507.747
52,900701552,2017,$ 611.940.386,$ 53.237.977
53,890321213,2017,$ 75.585.731.000,$ 113.778.903.000
54,800012375,2017,$ 17.443.904.925,$ 185.592.646.263
55,805028041,2017,$ 62.274.707.400,$ 98.104.989.686
56,891304366,2017,$ 8.953.349.000,$ 1.090.571.835
57,900182154,2017,$ 12.324.814.281,$ 25.141.918.062
58,900722412,2017,$ 603.640.000,$ 2.537.979.000
59,900658139,2017,$ 1.048.660.868,$ 1.040.523.119
60,900615557,2017,$ 79.046.330.155,$ 25.598.842.160
61,890305636,2017,$ 1.341.090.161,$ 5.406.141.172
62,900652085,2017,$ 7.847.190.433,$ 11.558.375.676
63,890330035,2017,$ 17.960.969.174,$ 53.669.448.295
64,815004192,2017,$ 305.000.000,$ 30.000.000
65,890318231,2017,$ 3.730.406.893,$ 11.373.061.880
66,900483014,2017,$ 43.728.011.100,$ 146.902.980.000
67,805029389,2017,$ 15.024.706.490,$ 16.280.566.278
68,900316186,2017,$ 9.223.527.715,$ 5.669.057.794
69,900889950,2017,$ 700.083.461,$ 359.617.387
70,900492170,2017,$ 2.370.422.707,$ 1.232.479.041
71,860004828,2017,$ 247.810.042.750,$ 474.492.353.000
72,891304762,2017,$ 200.384.295.250,$ 3.600.000
73,890200474,2017,$ 404.536.141.000,$ 531.152.189.000
74,891301549,2017,$ 150.348.519.000,$ 144.919.469.265
75,900252353,2017,$ 2.649.896.209,$ 68.923.088
76,815001865,2017,$ 761.064.311,$ 2.231.572.813
77,900860606,2017,$ 10.480.944.493,$ 5.267.801.220
78,900465206,2017,$ 596.275.185,$ 809.839.862
79,890901271,2017,$ 656.808.578.800,$ 1.081.514.094.000
80,800253444,2017,$ 11.623.496.411,$ 3.216.619.195
81,900779063,2017,$ 575.143.684,$ 208.070.014
82,890300406,2017,$ 253.573.250.000,$ 2.373.324.000.000
83,890900291,2017,$ 352.799.513.000,$ 623.415.133.000
84,900470505,2017,$ 3.519.181.344,$ 1.364.268.600
85,900295397,2017,$ 5.247.153.563,$ 2.843.221.759
86,900697085,2017,$ 854.795.399,$ 2.310.952.063
87,890329874,2017,$ 47.978.790.000,$ 3.184.351.818
88,890321924,2017,$ 11.790.825.900,$ 43.581.204.000
89,805005717,2017,$ 30.959.412.000,$ 19.395.873.000
90,900054845,2017,$ 2.562.718.749,$ 5.520.339.651
91,805000830,2017,$ 28.570.727.644,$ 15.187.475.220
92,900261264,2017,$ 2.709.174.493,$ 3.344.739.819
93,830016868,2017,$ 267.792.788.062,$ 297.842.839
94,805029321,2017,$ 14.855.511.400,$ 36.176.379.622
95,900141893,2017,$ 7.059.094.304,$ 2.502.343.463
96,900721021,2017,$ 606.279.336,$ 215.000.000
97,800197463,2017,$ 756.434.854.000,$ 470.987.388.000
98,900184187,2017,$ 41.304.716.000,$ 74.532.372.015
99,815000863,2017,$ 563.943.618.622,$ 256.278.731.191
100,900434884,2017,$ 4.784.153.014,$ 342.978.593
101,890319047,2017,$ 113.249.700.000,$ 851.886.000.000
102,900697405,2017,$ 541.963.000,$ 710.244.000
103,900367173,2017,$ 6.277.783.000,$ 5.633.626.000
104,860078622,2017,$ 12.491.143.800,$ 85.971.487.000
105,890304130,2017,$ 1.656.946.190.000,$ 1.984.269.961.300
106,805018495,2017,$ 253.979.776.000,$ 91.129.958.921
107,836000548,2017,$ 41.903.052.037,$ 37.489.182.674
108,890318919,2017,$ 145.083.819.000,$ 214.431.248.335
109,830510909,2017,$ 3.715.225.476,$ 26.557.659.250
110,901005320,2017,$ 1.025.147.438,$ 2.173.695.017
111,900251223,2017,$ 4.970.864.637,$ 5.489.662.295
112,800181845,2017,$ 18.071.370.971,$ 17.689.178.637
113,900081370,2017,$ 11.181.814.927,$ 7.730.967.803
114,800212192,2017,$ 5.244.343.524,$ 2.140.789.563
115,815005138,2017,$ 5.354.281.347,$ 4.200.000
116,900061224,2017,$ 24.536.746.900,$ 53.196.243.000
117,900249451,2017,$ 160.033.000,$ 81.680.000
118,805006833,2017,$ 8.979.516.137,$ 6.053.288.877
119,900820214,2017,$ 912.021.692,$ 2.942.837.767
120,805021782,2017,$ 20.056.255.700,$ 42.494.960.000
121,6455307,2017,$ 782.065.023,$ 365.686.369
122,900422419,2017,$ 13.337.007.643,$ 15.828.825.535
123,12962177,2017,$ 270.905.232,$ 1.120.689.369
124,14873340,2017,$ 8.167.866.473,$ 7.420.090.569
125,900361008,2017,$ 17.093.915.538,$ 5.069.501.901
126,900279757,2017,$ 13.290.970.898,$ 9.098.449.351
127,815004569,2017,$ 5.789.550.192,$ 2.576.065.140
128,890319806,2017,$ 3.311.573.988,$ 5.228.955.115
129,890301291,2017,$ 76.503.349.500,$ 275.498.918.000
130,900426195,2017,$ 3.481.115.000,$ 1.340.439.000
131,900732561,2017,,$ 260.616.291
132,900669827,2017,$ 2.486.713.660,$ 2.696.437.851
133,805020223,2017,$ 805.555.314,$ 2.527.966.389
134,805027988,2017,$ 80.678.095.000,$ 21.353.750.472
135,800034614,2017,$ 17.865.260.878,$ 10.396.996.581
136,900533799,2017,$ 3.491.912.601,$ 1.877.635.000
137,890320250,2017,$ 69.149.003.000,$ 102.897.520.205
138,890316242,2017,$ 17.435.812.426,$ 4.477.013.632
139,900193996,2017,$ 227.051.000,$ 13.378.894.000
140,900328449,2017,$ 3.759.827.000,$ 8.390.302.582
141,805028991,2017,$ 15.538.676.758,$ 36.150.670.445
142,900490692,2017,$ 8.636.859.300,$ 6.654.664.836
143,805027024,2017,$ 11.516.287.900,$ 25.589.287.000
144,890302442,2017,$ 12.542.645.253,$ 29.310.267.144
145,38241586,2017,$ 4.620.190.000,$ 1.758.007.000
146,805016173,2017,$ 8.252.420.311,$ 2.091.127.006
147,900361607,2017,$ 5.229.265.686,$ 1.347.602.784
148,890317831,2017,$ 28.236.750.000,$ 36.169.541.000
149,900507715,2017,$ 8.751.085.951,$ 4.294.329.712
150,890321654,2017,$ 2.024.518.294,$ 5.803.096.469
151,900441733,2017,$ 1.236.353.405,$ 2.724.652.274
152,805027902,2017,$ 2.687.900.534,$ 4.280.272.228
153,1115069920,2017,$ 3.579.000.000,$ 13.100.000
154,900136052,2017,$ 52.965.809.110,$ 35.139.284.685
155,805023628,2017,$ 23.276.689.415,$ 34.229.120.901
156,900549954,2017,$ 133.101.630,$ 12.800.000
157,900062893,2017,$ 3.438.915.500,$ 3.820.911.840
158,805022413,2017,$ 8.253.296.494,$ 5.298.619.849
159,800037730,2017,$ 915.884.842,$ 474.711.712
160,805001509,2017,$ 1.871.815.764,$ 9.461.367.453
161,900815499,2017,$ 925.394.687,$ 1.175.297.476
162,900232113,2017,$ 16.887.770.928,$ 6.916.235.387
163,900266481,2017,$ 695.000.000,$ 295.409.000
164,900559691,2017,$ 481.583.336,$ 1.246.232.755
165,900713456,2017,$ 364.075.936,$ 1.279.088.123
166,900249610,2017,$ 502.282.525,$ 790.186.134
167,900243999,2017,$ 5.544.163.124,$ 7.750.892.117
168,900572444,2017,$ 5.979.949.200,$ 13.438.385.365
169,805016465,2017,$ 240.501.641,$ 359.348.610
170,900336405,2017,$ 2.526.841.330,$ 2.220.709.957
171,901059543,2017,$ 115.682.000,$ 185.000.000
172,4602732,2017,$ 430.000.000,$ 7.900.000
173,900355609,2017,$ 9.827.336.000,$ 6.797.530.000
174,900659573,2017,$ 7.722.756.000,$ 2.807.307.000
175,817006145,2017,$ 1.215.270.000,$ 551.681.000
176,900292211,2017,$ 71.267.052.997,$ 7.264.764.111
177,900935525,2017,$ 143.838.000,$ 1.039.717.000
178,900426342,2017,$ 185.165.533,$ 45.443.339
179,900687096,2017,$ 123.592.822.000,$ 56.640.316.528
180,900393478,2017,$ 20.518.703.750,$ 17.403.000.087
181,900496272,2017,$ 587.049.306,$ 825.681.855
182,805003267,2017,$ 435.978.068,$ 1.020.969.783
183,815001419,2017,$ 7.232.787.373,$ 12.867.855.638
184,800253667,2017,$ 7.805.321.000,$ 19.308.056.000
185,890324611,2017,$ 9.872.216.457,$ 12.106.064.049
186,16511170,2017,$ 3.303.933.500,$ 3.163.500.344
187,890316597,2017,$ 3.980.522.000,$ 43.524.032.000
188,900468762,2017,$ 4.406.416.811,$ 10.158.400.882
189,900551006,2017,$ 21.187.770.377,$ 6.867.406.000
190,890923386,2017,$ 1.140.956.400,$ 938.147.000
191,900581529,2017,$ 983.343.480,$ 677.490.369
192,901111896,2017,$ 678.867.980,$ 1.352.065.258
193,900171658,2017,$ 13.526.721.000,$ 4.601.538.000
194,800058429,2017,$ 886.651.276,$ 1.350.128.005
195,900695374,2017,$ 684.094.569,$ 2.550.000
196,10271705,2017,$ 1.024.676.365,$ 1.298.100.887
197,890316546,2017,$ 729.341.000,$ 466.900.000
198,16690341,2017,$ 6.056.908.000,$ 16.271.885.816
199,900855431,2017,$ 4.582.538.570,$ 1.475.814.627
200,900307451,2017,$ 184.769.112,$ 755.445.000
201,900581782,2017,$ 383.236.528,$ 202.736.745
202,890400514,2017,$ 3.562.631.000,$ 35.053.589.000
203,900690256,2017,$ 390.010.355,$ 2.020.126.046
204,900701158,2017,$ 483.022.011,$ 230.170.056
205,891301594,2017,$ 66.001.355.000,$ 61.465.049.729
206,901098573,2017,$ 705.137.000,$ 1.122.208.798
207,900047065,2017,$ 134.704.200,$ 657.858.000
208,830067414,2017,$ 55.634.683.322,
209,900133796,2017,$ 4.209.914.136,$ 1.847.970.120
210,16679294,2017,$ 1.030.490.542,$ 294.881.838
211,890326792,2017,$ 390.615.874,$ 1.663.977.665
212,900872767,2017,$ 19.424.047.996,$ 48.718.902.264
213,900614848,2017,$ 2.209.545.290,$ 5.541.925.197
214,815004821,2017,$ 8.598.899.873,$ 21.567.541.564
215,900201945,2017,$ 28.515.206.638,$ 71.521.114.730
216,901460984,2017,$ 24.935.054.286,$ 62.541.467.821
217,900718630,2017,$ 20.370.642.471,$ 51.093.126.406
218,900336958,2017,$ 16.821.125.415,$ 42.190.318.168
219,901363234,2017,$ 15.519.325.108,$ 38.925.175.807
220,1010178082,2017,$ 14.106.477.371,$ 35.381.507.113
221,901464504,2017,$ 11.857.867.731,$ 29.741.601.709
222,1110175052,2017,$ 10.520.781.120,$ 26.387.955.138
223,901250756,2017,$ 9.124.124.277,$ 22.884.896.032
224,900651751,2017,$ 7.936.663.416,$ 19.906.536.957
225,900914008,2017,$ 7.798.045.131,$ 19.558.858.105
226,900741143,2017,$ 7.288.473.833,$ 18.280.764.361
227,900732180,2017,$ 7.208.005.890,$ 18.078.936.716
228,6390437,2017,$ 6.982.110.318,$ 17.512.351.199
229,901079457,2017,$ 6.874.526.270,$ 17.242.511.629
230,805002387,2017,$ 5.488.666.310,$ 13.766.532.989
231,901020435,2017,$ 5.322.673.412,$ 13.350.193.832
232,901207248,2017,$ 5.268.579.530,$ 13.214.516.936
233,900701994,2017,$ 5.190.312.196,$ 13.018.208.802
234,900492161,2017,$ 5.156.409.398,$ 12.933.174.667
235,901075568,2017,$ 5.111.694.916,$ 12.821.022.943
236,901079170,2017,$ 4.915.138.698,$ 12.328.025.647
237,900840706,2017,$ 4.633.389.510,$ 11.621.349.512
238,900930798,2017,$ 4.238.343.962,$ 10.630.506.335
239,901291786,2017,$ 4.152.304.729,$ 10.414.704.921
240,901529719,2017,$ 3.470.447.973,$ 8.704.489.181
241,900995436,2017,$ 3.128.773.099,$ 7.847.508.966
242,900836780,2017,$ 2.950.310.632,$ 7.399.893.956
243,900387141,2017,$ 2.845.313.302,$ 7.136.542.327
244,805016657,2017,$ 2.625.488.938,$ 6.585.184.459
245,800089946,2017,$ 1.851.840.931,$ 4.644.740.240
246,901061638,2017,$ 1.788.523.623,$ 4.485.929.380
247,901113969,2017,$ 1.767.122.008,$ 4.432.250.395
248,901548316,2017,$ 1.750.207.599,$ 4.389.826.105
249,901032004,2017,$ 1.441.394.831,$ 3.615.269.790
250,900220212,2017,$ 1.396.225.842,$ 3.501.978.081
251,901123996,2017,$ 1.320.580.957,$ 3.312.247.510
252,901193216,2017,$ 1.187.973.139,$ 2.979.643.959
253,901229752,2017,$ 1.125.734.935,$ 2.823.539.682
254,901531444,2017,$ 1.096.308.618,$ 2.749.733.342
255,901149886,2017,$ 993.630.253,$ 2.492.198.084
256,900709151,2017,$ 672.697.781,$ 1.687.243.435
257,901374395,2017,$ 636.996.667,$ 1.597.698.810
258,901177826,2017,$ 595.986.433,$ 1.494.837.986
259,901130664,2017,$ 584.454.832,$ 1.465.914.720
260,1144154158,2017,$ 455.467.038,$ 1.142.390.819
261,16672301,2017,$ 329.044.882,$ 825.301.990
262,901147807,2017,$ 325.039.987,$ 815.257.015
263,901445121,2017,$ 311.307.357,$ 780.813.180
264,94528938,2017,$ 278.686.991,$ 698.995.611
265,901452614,2017,$ 203.816.220,$ 511.206.652
266,16379154,2017,$ 195.877.723,$ 491.295.514
267,1130631294,2017,$ 138.911.134,$ 348.413.369
268,1144055490,2017,$ 135.160.534,$ 339.006.208
269,4752598,2017,$ 112.865.297,$ 283.085.862
270,901422710,2017,$ 105.474.647,$ 264.548.823
271,900411563,2017,$ 97.988.953,$ 245.773.397
272,821002527,2018,$ 437.718.000,$ 811.152.000
273,900387949,2018,$ 250.000.000,$ 50.000.000
274,2687157,2018,$ 4.891.370.000,$ 750.000.000
275,900743505,2018,$ 342.552.000,$ 5.589.639.000
276,805029618,2018,$ 991.635.794,$ 93.418.310
277,900425253,2018,$ 299.083.870,$ 514.636.428
278,815000207,2018,$ 425.387.924,$ 1.487.398.018
279,900421732,2018,$ 384.886.023,$ 161.749.572
280,14994152,2018,$ 240.000.000,$ 20.000.000
281,900698749,2018,$ 240.000.000,$ 13.000.000
282,900468830,2018,$ 459.591.000,$ 2.798.084.000
283,805022666,2018,$ 889.707.000,$ 2.049.734.000
284,900314134,2018,$ 52.769.506.896,$ 12.883.431.311
285,900813653,2018,$ 6.888.959.153,$ 2.438.755.378
286,94228462,2018,$ 337.784.500,$ 53.000.000
287,900665357,2018,$ 803.920.000,$ 10.000.000
288,890323692,2018,$ 446.595.077,$ 3.189.507.537
289,900560706,2018,$ 2.212.267.867,$ 1.305.662.198
290,805027396,2018,$ 960.816.022,$ 535.715.274
291,900260056,2018,$ 10.007.048.400,$ 8.162.263.000
292,901041336,2018,$ 502.523.000,$ 452.225.000
293,900946950,2018,$ 3.489.299.751,$ 2.734.317.945
294,900870666,2018,$ 895.552.780,$ 4.641.875.385
295,16788871,2018,$ 2.070.000.000,$ 828.116.250
296,900235229,2018,$ 1.986.465.000,$ 5.637.940.000
297,900434637,2018,$ 15.929.231.000,$ 13.440.514.000
298,900959486,2018,$ 424.395.000,$ 11.757.454.000
299,900623520,2018,$ 1.873.873.000,$ 10.000.000
300,14886862,2018,$ 970.000.000,$ 282.650.000
301,891902901,2018,$ 1.957.875.327,$ 29.546.362.560
302,900399560,2018,$ 22.044.488.555,$ 103.460.485.200
303,14879452,2018,$ 3.853.822.512,$ 1.966.937.238
304,890315430,2018,$ 72.274.488.835,$ 85.348.083.114
305,815004662,2018,$ 1.045.124.000,$ 850.000.000
306,900714090,2018,$ 8.495.110.654,$ 19.509.276.794
307,900704183,2018,$ 605.371.449,$ 466.966.169
308,900211167,2018,$ 225.150.917.000,$ 148.847.537.000
309,890308185,2018,$ 649.007.311,$ 5.834.110.531
310,900598186,2018,$ 12.283.168.310,$ 8.905.018.215
311,900155962,2018,$ 3.943.023.000,$ 1.194.830.000
312,900062314,2018,$ 45.748.195.345,$ 330.007.324.880
313,900368993,2018,$ 132.611.456,$ 1.771.118.183
314,890302633,2018,$ 468.833.443,$ 1.013.996.058
315,900475886,2018,$ 3.514.763.034,$ 2.764.827.831
316,890302046,2018,$ 18.197.824.907,$ 8.753.290.498
317,821003038,2018,$ 5.726.911.000,$ 20.816.140.000
318,890320876,2018,$ 16.479.069.100,$ 19.413.939.542
319,31398767,2018,$ 401.000.000,$ 35.000.000
320,900465987,2018,$ 773.176.183,$ 1.311.478.778
321,900701608,2018,$ 539.554.601,$ 56.191.595
322,890301690,2018,$ 227.959.370.700,$ 525.016.720.000
323,900713176,2018,$ 697.514.157,$ 1.046.267.991
324,900701552,2018,$ 691.911.099,$ 53.696.000
325,890321213,2018,$ 79.557.254.000,$ 115.601.797.000
326,800012375,2018,$ 20.964.202.842,$ 178.483.967.615
327,805028041,2018,$ 74.581.974.465,$ 119.053.581.517
328,891304366,2018,$ 10.273.104.189,$ 10.453.718.448
329,900182154,2018,$ 13.044.479.779,$ 265.012.147.290
330,900722412,2018,$ 628.454.000,$ 2.164.271.000
331,900658139,2018,$ 1.088.288.030,$ 1.044.639.728
332,900615557,2018,$ 89.095.312.240,$ 31.487.472.794
333,890305636,2018,$ 1.719.636.530,$ 5.466.747.178
334,900652085,2018,$ 8.729.955.946,$ 7.324.135.068
335,890330035,2018,$ 17.676.560.400,$ 58.691.843.000
336,815004192,2018,$ 267.358.374,$ 45.800.000
337,890318231,2018,$ 3.273.313.617,$ 14.338.639.194
338,900483014,2018,$ 43.350.884.100,$ 148.283.352.000
339,805029389,2018,$ 8.509.699.538,$ 17.803.943.634
340,900316186,2018,$ 10.768.275.966,$ 63.641.400.750
341,900889950,2018,$ 809.594.353,$ 417.867.210
342,900492170,2018,$ 1.580.947.931,$ 2.262.939.922
343,860004828,2018,$ 304.296.150.750,$ 665.180.550.000
344,891304762,2018,$ 224.298.070.000,$ 303.610.356.000
345,890200474,2018,$ 439.613.296.000,$ 522.419.302.000
346,891301549,2018,$ 158.496.086.364,$ 169.300.085.800
347,900252353,2018,$ 4.836.076.397,$ 460.056.429
348,815001865,2018,$ 760.864.227,$ 2.300.580.121
349,900860606,2018,$ 9.067.629.816,$ 5.566.923.724
350,900465206,2018,$ 755.477.233,$ 768.389.094
351,890901271,2018,$ 680.015.200.800,$ 1.178.258.473.000
352,800253444,2018,$ 12.565.886.851,$ 3.279.886.991
353,900779063,2018,$ 561.613.941,$ 949.984.218
354,890300406,2018,$ 280.081.250.000,$ 2.405.139.000.000
355,890900291,2018,$ 350.526.908.306,$ 704.201.925.511
356,900470505,2018,$ 3.731.428.710,$ 1.779.770.126
357,900295397,2018,$ 6.089.544.904,$ 2.969.979.171
358,900697085,2018,$ 898.999.615,$ 21.423.789.460
359,890329874,2018,$ 47.337.201.000,$ 37.981.065.000
360,890321924,2018,$ 12.651.052.800,$ 44.528.386.000
361,805005717,2018,$ 23.987.202.000,$ 18.977.316.000
362,900054845,2018,$ 2.453.563.200,$ 7.322.339.349
363,805000830,2018,$ 24.672.651.432,$ 14.767.032.674
364,900261264,2018,$ 2.750.988.212,$ 38.412.156.390
365,830016868,2018,$ 306.553.893.624,$ 199.177.667.865
366,805029321,2018,$ 16.177.038.412,$ 41.628.957.723
367,900141893,2018,$ 7.332.593.015,$ 3.789.911.115
368,900721021,2018,$ 635.352.000,$ 2.366.700.000
369,800197463,2018,$ 762.015.290.000,$ 771.043.129.000
370,900184187,2018,$ 54.788.520.716,$ 72.949.831.074
371,815000863,2018,$ 608.951.664.079,$ 2.706.477.788.120
372,900434884,2018,$ 5.031.759.721,$ 428.575.961
373,890319047,2018,$ 110.813.100.000,$ 890.675.000.000
374,900697405,2018,$ 604.115.000,$ 564.438.000
375,900367173,2018,$ 5.199.345.016,$ 56.048.342.760
376,860078622,2018,$ 16.204.425.600,$ 95.612.694.000
377,890304130,2018,$ 1.685.542.740.614,$ 2.011.819.721.435
378,805018495,2018,$ 257.740.346.107,$ 110.810.131.888
379,836000548,2018,$ 51.088.226.897,$ 43.806.516.833
380,890318919,2018,$ 163.393.952.000,$ 240.691.693.000
381,830510909,2018,$ 3.449.453.876,$ 24.957.998.066
382,901005320,2018,$ 3.826.134.500,$ 2.112.779.000
383,900251223,2018,$ 4.153.384.243,$ 5.843.414.656
384,800181845,2018,$ 18.658.033.661,$ 17.072.668.713
385,900081370,2018,$ 12.750.525.767,$ 7.455.447.703
386,800212192,2018,$ 5.395.571.193,$ 26.530.241.810
387,815005138,2018,$ 6.461.443.355,$ 447.601.420
388,900061224,2018,$ 26.571.252.400,$ 65.465.381.000
389,900249451,2018,$ 131.469.000,$ 85.764.000
390,805006833,2018,$ 8.477.855.540,$ 6.341.572.758
391,900820214,2018,$ 948.124.291,$ 2.889.198.017
392,805021782,2018,$ 20.665.848.600,$ 43.384.630.000
393,6455307,2018,$ 705.246.320,$ 649.462.157
394,900422419,2018,$ 13.564.422.983,$ 14.607.193.382
395,12962177,2018,$ 144.960.000,$ 1.120.784.354
396,14873340,2018,$ 6.737.810.995,$ 6.333.315.614
397,900361008,2018,$ 18.871.183.688,$ 63.642.189.550
398,900279757,2018,$ 13.633.869.017,$ 10.036.985.984
399,815004569,2018,$ 5.570.678.775,$ 2.611.068.933
400,890319806,2018,$ 3.911.691.080,$ 5.349.861.649
401,890301291,2018,$ 72.918.368.250,$ 246.750.901.000
402,900426195,2018,$ 3.150.233.000,$ 1.565.801.000
403,900732561,2018,,$ 393.462.140
404,900669827,2018,$ 4.183.063.850,$ 5.550.937.307
405,805020223,2018,$ 725.935.481,$ 2.285.311.842
406,805027988,2018,$ 82.542.417.315,$ 17.377.732.529
407,800034614,2018,$ 19.127.359.511,$ 12.977.886.784
408,900533799,2018,$ 3.320.896.449,$ 540.613.000
409,890320250,2018,$ 75.600.437.697,$ 111.213.637.402
410,890316242,2018,$ 18.735.696.412,$ 4.608.529.795
411,900193996,2018,$ 100.932.345,$ 18.601.483.466
412,900328449,2018,$ 4.471.820.000,$ 7.430.529.736
413,805028991,2018,$ 15.469.813.606,$ 40.268.077.833
414,900490692,2018,$ 13.878.945.000,$ 2.340.764.000
415,805027024,2018,$ 11.546.386.900,$ 31.361.424.000
416,890302442,2018,$ 11.141.240.540,$ 30.341.500.483
417,38241586,2018,$ 4.803.332.294,$ 2.691.612.379
418,805016173,2018,$ 9.910.859.365,$ 2.033.932.362
419,900361607,2018,$ 5.447.590.774,$ 1.585.162.181
420,890317831,2018,$ 30.778.116.000,$ 38.028.883.000
421,900507715,2018,$ 8.256.032.136,$ 4.496.804.706
422,890321654,2018,$ 1.411.608.902,$ 6.424.715.829
423,900441733,2018,$ 1.545.752.341,$ 28.646.842.130
424,805027902,2018,$ 2.681.067.393,$ 4.278.045.632
425,1115069920,2018,$ 2.120.557.000,$ 15.300.000
426,900136052,2018,$ 47.754.061.000,$ 43.002.675.000
427,805023628,2018,$ 23.927.199.238,$ 38.655.570.539
428,900549954,2018,$ 133.101.630,$ 14.405.359
429,900062893,2018,$ 3.582.492.500,$ 4.008.201.106
430,805022413,2018,$ 10.045.590.265,$ 5.640.879.330
431,800037730,2018,$ 800.289.906,$ 454.212.706
432,805001509,2018,$ 1.816.032.888,$ 9.148.953.746
433,900815499,2018,$ 925.394.687,$ 1.175.297.476
434,900232113,2018,$ 19.392.023.105,$ 7.532.806.242
435,900266481,2018,$ 900.243.000,$ 383.165.000
436,900559691,2018,$ 477.911.294,$ 10.263.698.870
437,900713456,2018,$ 350.356.489,$ 1.279.088.123
438,900249610,2018,$ 553.364.652,$ 803.867.549
439,900243999,2018,$ 6.572.917.600,$ 10.082.817.741
440,900572444,2018,$ 5.950.109.700,$ 16.820.208.000
441,805016465,2018,$ 240.501.641,$ 361.801.495
442,900336405,2018,$ 1.012.118.448,$ 2.107.715.374
443,901059543,2018,$ 218.669.000,$ 395.683.000
444,4602732,2018,$ 395.905.000,$ 7.900.000
445,900355609,2018,$ 4.137.582.328,$ 70.755.318.260
446,900659573,2018,$ 8.678.815.000,$ 2.514.969.000
447,817006145,2018,$ 1.299.667.000,$ 594.735.000
448,900292211,2018,$ 81.917.180.562,$ 50.141.669.054
449,900935525,2018,$ 1.381.157.000,$ 2.186.143.000
450,900426342,2018,$ 233.292.524,$ 58.086.150
451,900687096,2018,$ 126.048.596.537,$ 74.744.224.093
452,900393478,2018,$ 28.164.017.603,$ 19.227.515.483
453,900496272,2018,$ 592.310.005,$ 9.843.067.500
454,805003267,2018,$ 538.182.834,$ 1.305.702.487
455,815001419,2018,$ 7.159.354.081,$ 11.574.520.708
456,800253667,2018,$ 8.114.473.187,$ 28.303.615.397
457,890324611,2018,$ 9.170.748.087,$ 12.148.849.331
458,16511170,2018,$ 3.152.294.811,$ 3.164.500.344
459,890316597,2018,$ 3.335.840.000,$ 49.272.321.000
460,900468762,2018,$ 4.594.222.783,$ 4.424.915.637
461,900551006,2018,$ 30.944.264.699,$ 13.592.551.664
462,890923386,2018,$ 1.045.190.260,$ 929.936.131
463,900581529,2018,$ 983.343.480,$ 665.800.000
464,901111896,2018,$ 1.792.688.000,$ 3.474.274.000
465,900171658,2018,$ 13.875.529.000,$ 5.181.203.000
466,800058429,2018,$ 786.616.997,$ 1.302.737.678
467,900695374,2018,$ 684.094.569,$ 2.600.000
468,10271705,2018,$ 795.394.457,$ 1.227.604.155
469,890316546,2018,$ 706.887.000,$ 407.299.000
470,16690341,2018,$ 5.614.580.000,$ 16.271.885.816
471,900855431,2018,$ 3.771.915.075,$ 1.849.333.009
472,900307451,2018,$ 184.769.112,$ 698.309.396
473,900581782,2018,$ 334.896.510,$ 215.603.246
474,890400514,2018,$ 3.179.525.941,$ 33.581.635.367
475,900690256,2018,$ 189.708.000,$ 2.065.027.000
476,900701158,2018,$ 451.309.131,$ 272.689.806
477,891301594,2018,$ 61.203.526.634,$ 60.735.696.581
478,901098573,2018,$ 2.020.727.400,$ 1.029.686.041
479,900047065,2018,$ 127.716.000,$ 682.935.000
480,830067414,2018,$ 63.271.875.557,$ 86.047.322.642
481,900133796,2018,$ 4.234.404.459,$ 2.334.456.511
482,16679294,2018,$ 1.343.749.268,$ 273.665.151
483,890326792,2018,$ 394.910.822,$ 1.657.158.458
484,900872767,2018,$ 20.128.547.146,$ 50.643.349.546
485,900614848,2018,$ 2.289.684.238,$ 5.760.837.004
486,815004821,2018,$ 8.910.777.071,$ 22.419.481.876
487,900201945,2018,$ 29.549.436.931,$ 74.346.273.108
488,901460984,2018,$ 25.839.434.493,$ 65.011.920.812
489,900718630,2018,$ 21.109.474.063,$ 53.111.358.010
490,900336958,2018,$ 17.431.218.047,$ 43.856.879.592
491,901363234,2018,$ 16.082.202.184,$ 40.462.760.714
492,1010178082,2018,$ 14.618.111.266,$ 36.779.113.423
493,901464504,2018,$ 12.287.945.836,$ 30.916.425.892
494,1110175052,2018,$ 10.902.363.855,$ 27.430.306.796
495,901250756,2018,$ 9.455.051.064,$ 23.788.873.214
496,900651751,2018,$ 8.224.521.675,$ 20.692.865.860
497,900914008,2018,$ 8.080.875.783,$ 20.331.453.331
498,900741143,2018,$ 7.552.822.625,$ 19.002.873.556
499,900732180,2018,$ 7.469.436.156,$ 18.793.073.510
500,6390437,2018,$ 7.235.347.480,$ 18.204.107.275
501,901079457,2018,$ 7.123.861.420,$ 17.923.608.762
502,805002387,2018,$ 5.687.737.109,$ 14.310.325.353
503,901020435,2018,$ 5.515.723.743,$ 13.877.540.366
504,901207248,2018,$ 5.459.667.907,$ 13.736.504.092
505,900701994,2018,$ 5.378.561.861,$ 13.532.441.582
506,900492161,2018,$ 5.343.429.428,$ 13.444.048.511
507,901075568,2018,$ 5.297.093.177,$ 13.327.466.677
508,901079170,2018,$ 5.093.407.978,$ 12.814.995.475
509,900840706,2018,$ 4.801.439.907,$ 12.080.404.898
510,900930798,2018,$ 4.392.066.282,$ 11.050.422.385
511,901291786,2018,$ 4.302.906.454,$ 10.826.096.592
512,901529719,2018,$ 3.596.319.143,$ 9.048.325.552
513,900995436,2018,$ 3.242.251.916,$ 8.157.493.728
514,900836780,2018,$ 3.057.316.718,$ 7.692.197.459
515,900387141,2018,$ 2.948.511.194,$ 7.418.443.167
516,805016657,2018,$ 2.720.713.926,$ 6.845.306.091
517,800089946,2018,$ 1.919.006.146,$ 4.828.212.308
518,901061638,2018,$ 1.853.392.355,$ 4.663.128.254
519,901113969,2018,$ 1.831.214.516,$ 4.607.328.893
520,901548316,2018,$ 1.813.686.631,$ 4.563.228.799
521,901032004,2018,$ 1.493.673.400,$ 3.758.076.705
522,900220212,2018,$ 1.446.866.157,$ 3.640.309.856
523,901123996,2018,$ 1.368.477.676,$ 3.443.084.730
524,901193216,2018,$ 1.231.060.248,$ 3.097.342.993
525,901229752,2018,$ 1.166.564.700,$ 2.935.072.434
526,901531444,2018,$ 1.136.071.106,$ 2.858.350.667
527,901149886,2018,$ 1.029.668.656,$ 2.590.642.499
528,900709151,2018,$ 697.096.146,$ 1.753.891.304
529,901374395,2018,$ 660.100.173,$ 1.660.809.574
530,901177826,2018,$ 617.602.521,$ 1.553.885.640
531,901130664,2018,$ 605.652.676,$ 1.523.819.875
532,1144154158,2018,$ 471.986.568,$ 1.187.516.444
533,16672301,2018,$ 340.979.152,$ 857.902.276
534,901147807,2018,$ 336.829.002,$ 847.460.514
535,901445121,2018,$ 322.598.297,$ 811.656.113
536,94528938,2018,$ 288.794.809,$ 726.606.664
537,901452614,2018,$ 211.208.519,$ 531.399.846
538,16379154,2018,$ 202.982.096,$ 510.702.197
539,1130631294,2018,$ 143.949.362,$ 362.176.059
540,1144055490,2018,$ 140.062.729,$ 352.397.305
541,4752598,2018,$ 116.958.857,$ 294.268.048
542,901422710,2018,$ 109.300.152,$ 274.998.776
543,900411563,2018,$ 101.542.957,$ 255.481.701
544,821002527,2019,$ 509.087.000,$ 983.920.000
545,900387949,2019,$ 250.000.000,$ 140.000.000
546,2687157,2019,$ 5.305.544.748,$ 800.000.000
547,900743505,2019,$ 509.824.000,$ 7.230.935.000
548,805029618,2019,$ 991.635.794,$ 96.418.310
549,900425253,2019,$ 330.673.033,$ 572.292.224
550,815000207,2019,$ 415.190.077,$ 1.547.024.170
551,900421732,2019,$ 384.886.023,$ 151.749.572
552,14994152,2019,$ 720.000.000,$ 20.000.000
553,900698749,2019,$ 383.087.595,$ 20.000.000
554,900468830,2019,$ 698.916.000,$ 2.954.554.000
555,805022666,2019,$ 980.826.000,$ 1.792.981.000
556,900314134,2019,$ 63.497.360.781,$ 12.588.430.436
557,900813653,2019,$ 7.584.883.000,$ 2.727.968.000
558,94228462,2019,$ 250.000.000,$ 54.000.000
559,900665357,2019,$ 803.920.000,$ 10.000.000
560,890323692,2019,$ 561.088.463,$ 3.419.511.235
561,900560706,2019,$ 1.233.850.000,$ 1.290.398.300
562,805027396,2019,$ 960.816.022,$ 320.257.346
563,900260056,2019,$ 45.898.839.000,$ 11.889.333.000
564,901041336,2019,$ 818.848.000,$ 556.551.000
565,900946950,2019,$ 4.238.425.521,$ 3.507.877.886
566,900870666,2019,$ 934.679.354,$ 5.363.672.975
567,16788871,2019,$ 2.070.000.000,$ 830.100.000
568,900235229,2019,$ 2.029.841.880,$ 608.708.000
569,900434637,2019,$ 14.622.620.000,$ 14.896.744.000
570,900959486,2019,$ 766.311.000,$ 15.377.844.000
571,900623520,2019,$ 1.873.873.000,$ 10.000.000
572,14886862,2019,$ 1.020.000.000,$ 282.700.000
573,891902901,2019,$ 17.114.210,$ 2.703.052.402
574,900399560,2019,$ 32.842.166.368,$ 9.102.369.976
575,14879452,2019,$ 20.507.338.823,$ 1.881.774.731
576,890315430,2019,$ 78.611.643.628,$ 85.552.176.718
577,815004662,2019,$ 966.565.000,$ 899.870.000
578,900714090,2019,$ 9.070.292.500,$ 23.455.668.141
579,900704183,2019,$ 651.233.000,$ 770.547.000
580,900211167,2019,$ 251.277.053.000,$ 156.782.070.000
581,890308185,2019,$ 812.091.485,$ 6.214.410.935
582,900598186,2019,$ 12.283.168.310,$ 8.905.018.215
583,900155962,2019,$ 5.343.672.000,$ 644.927.000
584,900062314,2019,$ 52.089.848.461,$ 36.746.981.426
585,900368993,2019,$ 142.612.700,$ 1.593.568.000
586,890302633,2019,$ 468.833.443,
587,900475886,2019,$ 3.221.939.384,$ 2.591.789.695
588,890302046,2019,$ 18.971.511.859,$ 8.721.961.080
589,821003038,2019,$ 7.696.407.000,$ 2.306.209.000
590,890320876,2019,$ 23.254.718.463,$ 21.910.631.751
591,31398767,2019,$ 396.000.000,$ 36.365.000
592,900465987,2019,$ 875.789.957,$ 1.141.189.225
593,900701608,2019,$ 466.801.009,$ 233.935.508
594,890301690,2019,$ 201.302.346.750,$ 566.612.592.000
595,900713176,2019,$ 708.859.796,$ 1.046.267.991
596,900701552,2019,$ 565.702.297,$ 702.403.116
597,890321213,2019,$ 90.801.219.000,$ 121.806.350.000
598,800012375,2019,$ 23.460.690.141,$ 227.823.500.965
599,805028041,2019,$ 87.525.149.185,$ 152.353.882.811
600,891304366,2019,$ 11.926.669.825,$ 10.808.402.821
601,900182154,2019,$ 16.658.540.029,$ 29.197.901.179
602,900722412,2019,$ 627.259.000,$ 933.503.000
603,900658139,2019,$ 1.612.540.401,$ 1.205.340.548
604,900615557,2019,$ 115.167.799.524,$ 48.654.656.866
605,890305636,2019,$ 1.413.707.186,$ 6.506.291.780
606,900652085,2019,$ 44.635.269.708,$ 11.157.635.520
607,890330035,2019,$ 56.250.293.000,$ 58.071.617.000
608,815004192,2019,$ 4.637.296.785,$ 2.160.332.536
609,890318231,2019,$ 3.145.817.720,$ 12.986.082.597
610,900483014,2019,$ 47.927.957.100,$ 180.734.444.000
611,805029389,2019,$ 8.646.451.243,$ 18.310.358.987
612,900316186,2019,$ 11.966.055.523,$ 6.114.456.516
613,900889950,2019,$ 1.011.601.256,$ 422.749.318
614,900492170,2019,$ 3.179.791.000,$ 2.375.675.000
615,860004828,2019,$ 304.296.150.750,$ 715.229.669.000
616,891304762,2019,$ 249.217.363.500,$ 330.336.457.000
617,890200474,2019,$ 439.613.296.000,$ 601.808.140.000
618,891301549,2019,$ 188.904.522.401,$ 184.189.176.735
619,900252353,2019,$ 4.072.482.000,$ 387.386.932
620,815001865,2019,$ 766.468.503,$ 2.454.120.707
621,900860606,2019,$ 10.465.779.378,$ 8.131.364.255
622,900465206,2019,$ 510.000.000,$ 690.766.633
623,890901271,2019,$ 680.015.200.800,$ 1.198.950.307.000
624,800253444,2019,$ 13.492.315.133,$ 3.344.471.159
625,900779063,2019,$ 562.595.021,$ 774.155.850
626,890300406,2019,$ 306.297.250.000,$ 2.566.063.000.000
627,890900291,2019,$ 350.526.908.306,$ 672.547.500.000
628,900470505,2019,$ 3.439.282.972,$ 1.827.522.716
629,900295397,2019,$ 5.900.935.909,$ 2.826.650.619
630,900697085,2019,$ 788.086.545,$ 2.133.474.682
631,890329874,2019,$ 49.108.987.000,$ 38.833.619.000
632,890321924,2019,$ 14.047.774.800,$ 49.170.459.000
633,805005717,2019,$ 26.625.460.000,$ 17.678.425.000
634,900054845,2019,$ 2.375.564.221,$ 7.853.015.398
635,805000830,2019,$ 25.888.722.199,$ 12.189.518.413
636,900261264,2019,$ 3.108.030.422,$ 4.352.038.013
637,830016868,2019,$ 330.572.242.000,$ 212.674.795.785
638,805029321,2019,$ 17.109.292.324,$ 60.890.924.128
639,900141893,2019,$ 6.787.963.729,$ 5.102.681.256
640,900721021,2019,$ 770.836.000,$ 251.862.000
641,800197463,2019,$ 816.758.680.000,$ 1.129.494.446.000
642,900184187,2019,$ 60.431.455.993,$ 74.271.143.317
643,815000863,2019,$ 668.134.890.591,$ 303.108.995.966
644,900434884,2019,$ 5.708.896.697,$ 660.137.303
645,890319047,2019,$ 107.400.600.000,$ 902.950.000.000
646,900697405,2019,$ 173.745.000,$ 564.458.000
647,900367173,2019,$ 6.296.720.689,$ 5.776.112.226
648,860078622,2019,$ 16.204.425.600,$ 141.559.135.000
649,890304130,2019,$ 1.742.402.782.670,$ 2.170.519.665.337
650,805018495,2019,$ 280.820.367.023,$ 126.733.524.674
651,836000548,2019,$ 55.814.447.000,$ 45.845.018.000
652,890318919,2019,$ 170.152.558.000,$ 259.100.051.000
653,830510909,2019,$ 4.264.279.976,$ 31.797.934.846
654,901005320,2019,$ 4.801.869.265,$ 2.127.752.117
655,900251223,2019,$ 5.745.453.137,$ 6.082.250.939
656,800181845,2019,$ 27.901.633.947,$ 20.588.382.029
657,900081370,2019,$ 14.469.598.734,$ 7.864.227.365
658,800212192,2019,$ 5.999.308.647,$ 3.251.299.790
659,815005138,2019,$ 6.802.504.388,$ 609.916.620
660,900061224,2019,$ 28.800.624.300,$ 71.953.257.000
661,900249451,2019,$ 236.794.000,$ 268.253.000
662,805006833,2019,$ 7.623.326.242,$ 6.486.671.441
663,900820214,2019,$ 935.838.830,$ 2.915.097.939
664,805021782,2019,$ 22.098.903.200,$ 41.969.963.000
665,6455307,2019,$ 482.502.460,$ 594.926.149
666,900422419,2019,$ 16.558.491.405,$ 14.502.568.456
667,12962177,2019,$ 149.970.000,$ 1.120.784.354
668,14873340,2019,$ 7.294.416.216,$ 6.892.500.554
669,900361008,2019,$ 27.933.911.265,$ 8.013.117.046
670,900279757,2019,$ 15.136.903.209,$ 11.908.543.763
671,815004569,2019,$ 5.952.974.980,$ 3.053.785.419
672,890319806,2019,$ 3.873.891.037,$ 5.279.224.771
673,890301291,2019,$ 72.918.368.250,$ 195.390.238.000
674,900426195,2019,$ 3.884.271.000,$ 1.943.896.000
675,900732561,2019,$ 833.970.544,$ 2.126.718.521
676,900669827,2019,$ 5.762.097.751,$ 6.952.720.787
677,805020223,2019,$ 1.013.396.291,$ 2.691.387.719
678,805027988,2019,$ 104.325.342.920,$ 27.339.394.755
679,800034614,2019,$ 20.729.322.049,$ 13.396.719.543
680,900533799,2019,$ 4.192.161.000,$ 497.036.944
681,890320250,2019,$ 79.821.394.079,$ 117.053.131.257
682,890316242,2019,$ 20.804.604.199,$ 5.209.989.513
683,900193996,2019,$ 100.932.345,
684,900328449,2019,$ 5.598.969.316,$ 8.096.930.011
685,805028991,2019,$ 17.351.748.897,$ 44.929.366.272
686,900490692,2019,$ 18.886.826.000,$ 2.475.534.000
687,805027024,2019,$ 17.527.921.500,$ 48.398.018.000
688,890302442,2019,$ 7.272.768.337,$ 27.984.757.004
689,38241586,2019,$ 4.019.579.000,$ 2.272.838.000
690,805016173,2019,$ 10.870.971.097,$ 2.383.703.252
691,900361607,2019,$ 6.105.417.517,$ 1.577.491.371
692,890317831,2019,$ 33.895.856.000,$ 39.809.238.000
693,900507715,2019,$ 10.041.642.333,$ 5.059.849.398
694,890321654,2019,$ 2.245.758.211,$ 7.050.270.001
695,900441733,2019,$ 2.045.994.241,$ 3.063.815.411
696,805027902,2019,$ 2.737.168.055,$ 4.226.073.693
697,1115069920,2019,$ 2.702.222.000,$ 20.500.000
698,900136052,2019,$ 54.087.369.333,$ 55.891.688.558
699,805023628,2019,$ 29.372.679.147,$ 41.984.688.696
700,900549954,2019,$ 133.101.630,
701,900062893,2019,$ 4.144.555.000,$ 5.065.919.424
702,805022413,2019,$ 10.569.126.742,$ 6.618.963.002
703,800037730,2019,$ 755.364.413,$ 457.493.554
704,805001509,2019,$ 1.572.641.372,$ 10.176.133.810
705,900815499,2019,$ 1.023.604.514,$ 1.319.045.303
706,900232113,2019,$ 19.213.343.824,$ 9.051.085.310
707,900266481,2019,$ 100.000.000,$ 384.000.000
708,900559691,2019,$ 491.247.027,$ 1.269.362.548
709,900713456,2019,$ 209.410.469,$ 996.355.214
710,900249610,2019,$ 605.989.632,$ 780.522.904
711,900243999,2019,$ 7.897.593.920,$ 13.331.899.411
712,900572444,2019,$ 21.614.453.000,$ 23.984.228.000
713,805016465,2019,$ 197.334.195,$ 274.713.748
714,900336405,2019,$ 516.242.536,$ 3.134.934.441
715,901059543,2019,$ 308.212.000,$ 733.941.000
716,4602732,2019,$ 506.379.000,$ 9.500.000
717,900355609,2019,$ 5.417.397.590,$ 7.409.408.089
718,900659573,2019,$ 11.335.456.000,$ 2.380.890.000
719,817006145,2019,$ 1.299.667.000,
720,900292211,2019,$ 97.674.427.450,$ 69.929.233.046
721,900935525,2019,$ 1.757.100.397,$ 2.026.337.300
722,900426342,2019,$ 217.989.200,$ 58.090.226
723,900687096,2019,$ 136.524.764.602,$ 70.096.131.017
724,900393478,2019,$ 35.041.994.851,$ 23.663.061.542
725,900496272,2019,$ 613.889.000,$ 997.870.211
726,805003267,2019,$ 660.015.323,$ 1.343.310.653
727,815001419,2019,$ 6.613.471.794,$ 14.599.720.009
728,800253667,2019,$ 7.541.168.546,$ 27.778.519.722
729,890324611,2019,$ 11.376.275.628,$ 11.896.632.934
730,16511170,2019,$ 3.212.971.121,$ 3.536.761.733
731,890316597,2019,$ 3.152.517.084,$ 49.107.929.958
732,900468762,2019,$ 5.223.525.348,$ 4.741.354.453
733,900551006,2019,$ 44.289.491.836,$ 27.951.023.521
734,890923386,2019,$ 3.566.955.159,$ 699.415.500
735,900581529,2019,$ 958.752.000,$ 742.659.000
736,901111896,2019,$ 1.346.035.000,$ 4.478.100.000
737,900171658,2019,$ 14.804.027.000,$ 10.218.356.000
738,800058429,2019,$ 912.590.928,$ 1.279.730.724
739,900695374,2019,$ 50.400.000,$ 10.600.000
740,10271705,2019,$ 801.722.107,$ 1.374.015.881
741,890316546,2019,$ 494.353.000,$ 504.362.000
742,16690341,2019,$ 5.566.945.000,$ 17.035.813.000
743,900855431,2019,$ 4.306.437.158,$ 1.925.640.958
744,900307451,2019,$ 184.769.112,$ 712.313.177
745,900581782,2019,$ 417.029.218,$ 276.307.129
746,890400514,2019,$ 3.179.525.941,$ 33.263.645.000
747,900690256,2019,$ 45.675.000,$ 2.117.608.967
748,900701158,2019,$ 281.963.727,$ 311.404.760
749,891301594,2019,$ 66.170.946.898,$ 55.235.853.635
750,901098573,2019,$ 2.219.870.000,$ 1.351.477.000
751,900047065,2019,$ 492.775.000,$ 804.016.000
752,830067414,2019,$ 71.179.162.269,$ 111.591.114.748
753,900133796,2019,$ 3.997.821.363,$ 3.859.042.677
754,16679294,2019,$ 1.154.351.098,$ 233.326.256
755,890326792,2019,$ 394.910.822,$ 1.657.158.458
756,900872767,2019,$ 20.923.645.682,$ 53.029.685.389
757,900614848,2019,$ 2.380.129.146,$ 6.032.290.056
758,815004821,2019,$ 9.262.762.028,$ 23.475.897.252
759,900201945,2019,$ 30.716.670.407,$ 77.849.500.637
760,901460984,2019,$ 26.860.119.016,$ 68.075.309.751
761,900718630,2019,$ 21.943.320.232,$ 55.613.987.445
762,900336958,2019,$ 18.119.769.279,$ 45.923.434.128
763,901363234,2019,$ 16.717.465.888,$ 42.369.382.947
764,1010178082,2019,$ 15.195.541.856,$ 38.512.160.653
765,901464504,2019,$ 12.773.332.469,$ 32.373.220.830
766,1110175052,2019,$ 11.333.018.560,$ 28.722.834.342
767,901250756,2019,$ 9.828.535.410,$ 24.909.814.884
768,900651751,2019,$ 8.549.398.831,$ 21.667.922.367
769,900914008,2019,$ 8.400.078.777,$ 21.289.479.928
770,900741143,2019,$ 7.851.166.970,$ 19.898.296.917
771,900732180,2019,$ 7.764.486.648,$ 19.678.611.005
772,6390437,2019,$ 7.521.151.227,$ 19.061.892.435
773,901079457,2019,$ 7.405.261.351,$ 18.768.176.714
774,805002387,2019,$ 5.912.408.637,$ 14.984.633.877
775,901020435,2019,$ 5.733.600.564,$ 14.531.455.881
776,901207248,2019,$ 5.675.330.465,$ 14.383.773.918
777,900701994,2019,$ 5.591.020.646,$ 14.170.095.898
778,900492161,2019,$ 5.554.500.444,$ 14.077.537.708
779,901075568,2019,$ 5.506.333.864,$ 13.955.462.489
780,901079170,2019,$ 5.294.602.887,$ 13.418.843.430
781,900840706,2019,$ 4.991.101.774,$ 12.649.638.636
782,900930798,2019,$ 4.565.557.466,$ 11.571.122.917
783,901291786,2019,$ 4.472.875.732,$ 11.336.226.797
784,901529719,2019,$ 3.738.377.488,$ 9.474.686.442
785,900995436,2019,$ 3.370.324.237,$ 8.541.878.249
786,900836780,2019,$ 3.178.083.906,$ 8.054.657.025
787,900387141,2019,$ 3.064.980.451,$ 7.768.003.316
788,805016657,2019,$ 2.828.184.954,$ 7.167.859.781
789,800089946,2019,$ 1.994.808.884,$ 5.055.719.694
790,901061638,2019,$ 1.926.603.280,$ 4.882.856.810
791,901113969,2019,$ 1.903.549.393,$ 4.824.428.160
792,901548316,2019,$ 1.885.329.138,$ 4.778.250.052
793,901032004,2019,$ 1.552.675.052,$ 3.935.158.853
794,900220212,2019,$ 1.504.018.874,$ 3.811.842.781
795,901123996,2019,$ 1.422.533.967,$ 3.605.324.324
796,901193216,2019,$ 1.279.688.408,$ 3.243.291.092
797,901229752,2019,$ 1.212.645.218,$ 3.073.374.277
798,901531444,2019,$ 1.180.947.096,$ 2.993.037.348
799,901149886,2019,$ 1.070.341.638,$ 2.712.714.659
800,900709151,2019,$ 724.632.169,$ 1.836.535.397
801,901374395,2019,$ 686.174.816,$ 1.739.067.617
802,901177826,2019,$ 641.998.462,$ 1.627.105.382
803,901130664,2019,$ 629.576.586,$ 1.595.622.906
804,1144154158,2019,$ 490.630.528,$ 1.243.472.716
805,16672301,2019,$ 354.448.183,$ 898.326.991
806,901147807,2019,$ 350.134.098,$ 887.393.209
807,901445121,2019,$ 335.341.265,$ 849.901.689
808,94528938,2019,$ 300.202.505,$ 760.844.674
809,901452614,2019,$ 219.551.475,$ 556.439.629
810,16379154,2019,$ 211.000.100,$ 534.766.699
811,1130631294,2019,$ 149.635.512,$ 379.241.946
812,1144055490,2019,$ 145.595.353,$ 369.002.414
813,4752598,2019,$ 121.578.853,$ 308.134.081
814,901422710,2019,$ 113.617.622,$ 287.956.834
815,900411563,2019,$ 105.554.009,$ 267.520.106
816,821002527,2020,$ 532.279.000,$ 983.920.000
817,900387949,2020,$ 250.000.000,$ 140.000.000
818,2687157,2020,$ 4.691.492.000,$ 800.000.000
819,900743505,2020,$ 630.763.000,$ 7.230.935.000
820,805029618,2020,$ 991.635.794,$ 106.418.310
821,900425253,2020,$ 300.052.099,$ 615.816.728
822,815000207,2020,$ 482.983.190,$ 1.547.024.170
823,900421732,2020,$ 384.886.023,$ 161.749.572
824,14994152,2020,$ 360.000.000,$ 20.000.000
825,900698749,2020,$ 375.122.788,$ 28.862.026
826,900468830,2020,$ 1.292.089.000,$ 2.954.554.000
827,805022666,2020,$ 980.826.000,$ 1.792.981.000
828,900314134,2020,$ 66.276.097.985,$ 12.732.950.034
829,900813653,2020,$ 4.118.947.000,$ 4.046.059.000
830,94228462,2020,$ 255.000.000,$ 54.000.000
831,900665357,2020,$ 803.920.000,$ 10.000.000
832,890323692,2020,$ 554.742.877,$ 6.009.702.254
833,900560706,2020,$ 1.950.989.000,$ 1.366.489.643
834,805027396,2020,$ 1.005.293.185,$ 696.171.847
835,900260056,2020,$ 48.064.382.000,$ 12.578.925.000
836,901041336,2020,$ 4.653.099.000,$ 462.284.000
837,900946950,2020,$ 3.753.476.512,$ 3.499.523.782
838,900870666,2020,$ 875.984.202,$ 5.636.444.733
839,16788871,2020,$ 2.070.000.000,$ 830.100.000
840,900235229,2020,$ 2.120.381.000,$ 613.886.000
841,900434637,2020,$ 16.785.817.000,$ 15.057.564.000
842,900959486,2020,$ 766.311.000,$ 15.377.844.000
843,900623520,2020,$ 4.855.000.000,$ 10.000.000
844,14886862,2020,$ 1.050.000.000,$ 282.700.000
845,891902901,2020,$ 96.720.380,$ 2.187.892.467
846,900399560,2020,$ 24.969.039.266,$ 9.102.369.976
847,14879452,2020,$ 2.876.086.925,$ 2.020.309.898
848,890315430,2020,$ 85.912.405.000,$ 96.605.496.000
849,815004662,2020,$ 804.200.000,$ 900.050.000
850,900714090,2020,$ 10.004.421.143,$ 24.595.949.060
851,900704183,2020,$ 586.916.000,$ 1.008.714.000
852,900211167,2020,$ 246.415.261.000,$ 172.793.079.000
853,890308185,2020,$ 918.404.360,$ 6.881.267.313
854,900598186,2020,$ 15.061.992.231,$ 9.884.560.239
855,900155962,2020,$ 5.357.774.000,$ 1.007.467.000
856,900062314,2020,$ 50.925.492.166,$ 35.357.870.894
857,900368993,2020,$ 174.642.900,$ 1.335.686.000
858,890302633,2020,$ 234.416.721,$ 0
859,900475886,2020,$ 3.589.167.638,$ 2.667.111.693
860,890302046,2020,$ 18.934.436.480,$ 8.573.523.463
861,821003038,2020,$ 7.527.503.000,$ 2.282.411.000
862,890320876,2020,$ 22.524.720.467,$ 23.201.453.922
863,31398767,2020,$ 35.000.000,$ 40.000.000
864,900465987,2020,$ 764.098.429,$ 1.110.522.161
865,900701608,2020,$ 515.106.680,$ 500.462.524
866,890301690,2020,$ 206.027.304.000,$ 623.353.148.000
867,900713176,2020,$ 1.020.080.684,$ 1.523.585.597
868,900701552,2020,$ 683.191.096,$ 854.868.355
869,890321213,2020,$ 88.843.125.000,$ 119.997.519.000
870,800012375,2020,$ 29.276.950.614,$ 272.158.064.774
871,805028041,2020,$ 96.910.150.191,$ 180.101.538.920
872,891304366,2020,$ 10.763.050.119,$ 10.797.575.238
873,900182154,2020,$ 15.605.608.801,$ 29.519.134.033
874,900722412,2020,$ 1.017.330.000,$ 1.316.603.880
875,900658139,2020,$ 1.871.354.696,$ 1.461.447.854
876,900615557,2020,$ 116.434.581.175,$ 44.861.271.637
877,890305636,2020,$ 1.554.399.654,$ 6.683.741.426
878,900652085,2020,$ 41.442.223.000,$ 11.382.405.000
879,890330035,2020,$ 44.850.277.000,$ 56.208.124.000
880,815004192,2020,$ 3.907.604.608,$ 2.160.332.536
881,890318231,2020,$ 3.350.022.935,$ 13.582.860.580
882,900483014,2020,$ 48.122.836.200,$ 179.808.784.000
883,805029389,2020,$ 8.798.278.818,$ 20.213.217.644
884,900316186,2020,$ 10.751.280.445,$ 5.799.494.437
885,900889950,2020,$ 827.213.753,$ 379.035.288
886,900492170,2020,$ 2.762.562.000,$ 2.386.508.000
887,860004828,2020,$ 378.763.622.500,$ 739.038.188.000
888,891304762,2020,$ 308.380.888.750,$ 361.570.506.000
889,890200474,2020,$ 460.892.390.000,$ 634.156.756.000
890,891301549,2020,$ 187.003.794.177,$ 220.419.955.458
891,900252353,2020,$ 5.396.079.766,$ 390.000.000
892,815001865,2020,$ 564.211.288,$ 2.447.585.118
893,900860606,2020,$ 11.697.482.988,$ 8.856.631.202
894,900465206,2020,$ 498.240.000,$ 571.612.642
895,890901271,2020,$ 868.433.765.200,$ 1.274.356.353.000
896,800253444,2020,$ 14.507.562.012,$ 3.628.792.413
897,900779063,2020,$ 518.270.764,$ 717.707.704
898,890300406,2020,$ 291.991.750.000,$ 2.760.700.000.000
899,890900291,2020,$ 390.582.093.612,$ 781.405.704.870
900,900470505,2020,$ 1.886.163.360,$ 1.083.221.709
901,900295397,2020,$ 3.708.795.152,$ 2.116.787.726
902,900697085,2020,$ 851.105.973,$ 2.255.444.968
903,890329874,2020,$ 44.925.358.000,$ 38.165.335.000
904,890321924,2020,$ 14.217.354.600,$ 47.470.476.000
905,805005717,2020,$ 20.565.537.000,$ 23.207.333.000
906,900054845,2020,$ 2.849.011.318,$ 8.735.167.693
907,805000830,2020,$ 27.337.030.609,$ 13.794.536.197
908,900261264,2020,$ 3.881.209.438,$ 5.050.434.234
909,830016868,2020,$ 349.316.667.000,$ 228.395.905.423
910,805029321,2020,$ 17.409.954.100,$ 58.738.901.000
911,900141893,2020,$ 9.203.581.138,$ 5.004.103.626
912,900721021,2020,$ 1.010.680.000,$ 268.048.000
913,800197463,2020,$ 997.278.916.000,$ 1.297.317.565.000
914,900184187,2020,$ 66.343.935.997,$ 102.082.049.973
915,815000863,2020,$ 648.379.284.440,$ 347.593.235.568
916,900434884,2020,$ 6.461.492.289,$ 726.708.893
917,890319047,2020,$ 92.503.800.000,$ 925.440.000.000
918,900697405,2020,$ 1.101.604.157,$ 564.458.000
919,900367173,2020,$ 7.727.618.745,$ 7.230.229.582
920,860078622,2020,$ 20.447.153.400,$ 141.559.135.000
921,890304130,2020,$ 1.946.284.768.921,$ 2.248.556.473.833
922,805018495,2020,$ 287.450.380.078,$ 151.718.937.779
923,836000548,2020,$ 81.655.349.151,$ 62.011.456.846
924,890318919,2020,$ 177.384.004.000,$ 259.460.603.000
925,830510909,2020,$ 5.361.829.687,$ 29.856.479.076
926,901005320,2020,$ 7.173.288.847,$ 2.709.935.491
927,900251223,2020,$ 5.745.453.137,$ 6.082.250.939
928,800181845,2020,$ 27.983.168.810,$ 24.764.176.445
929,900081370,2020,$ 14.287.759.079,$ 8.478.274.674
930,800212192,2020,$ 7.019.042.390,$ 3.393.055.755
931,815005138,2020,$ 7.085.110.463,$ 637.542.529
932,900061224,2020,$ 29.564.806.400,$ 76.967.019.000
933,900249451,2020,$ 261.758.000,$ 315.897.219
934,805006833,2020,$ 9.929.384.699,$ 6.839.598.816
935,900820214,2020,$ 750.477.311,$ 3.052.044.555
936,805021782,2020,$ 21.013.216.800,$ 43.275.424.000
937,6455307,2020,$ 484.370.133,$ 594.926.149
938,900422419,2020,$ 16.124.910.209,$ 12.773.480.348
939,12962177,2020,$ 120.278.000,$ 1.120.784.354
940,14873340,2020,$ 8.130.449.934,$ 6.892.500.554
941,900361008,2020,$ 39.347.753.798,$ 11.353.471.715
942,900279757,2020,$ 21.633.315.197,$ 11.145.530.516
943,815004569,2020,$ 6.724.016.389,$ 3.294.146.823
944,890319806,2020,$ 4.258.785.814,$ 5.840.396.372
945,890301291,2020,$ 34.123.515.500,$ 193.996.925.000
946,900426195,2020,$ 3.884.271.000,$ 1.943.896.000
947,900732561,2020,$ 1.006.994.292,$ 2.652.429.480
948,900669827,2020,$ 6.966.144.724,$ 7.073.379.221
949,805020223,2020,$ 1.608.312.000,$ 1.646.309.000
950,805027988,2020,$ 90.949.604.307,$ 24.170.377.338
951,800034614,2020,$ 25.714.968.843,$ 15.586.653.865
952,900533799,2020,$ 4.081.020.194,$ 656.262.520
953,890320250,2020,$ 92.778.254.226,$ 134.496.370.045
954,890316242,2020,$ 23.286.653.958,$ 5.978.303.397
955,900193996,2020,$ 307.633.830,$ 4.824.958.717
956,900328449,2020,$ 5.932.673.889,$ 8.238.165.632
957,805028991,2020,$ 17.351.748.897,$ 44.917.697.600
958,900490692,2020,$ 23.043.614.530,$ 3.528.362.000
959,805027024,2020,$ 20.008.332.718,$ 49.413.116.637
960,890302442,2020,$ 16.438.375.801,$ 30.645.896.788
961,38241586,2020,$ 4.179.912.084,$ 2.570.728.505
962,805016173,2020,$ 12.699.169.563,$ 2.822.926.290
963,900361607,2020,$ 6.780.943.194,$ 1.932.589.929
964,890317831,2020,$ 43.723.693.000,$ 43.519.590.000
965,900507715,2020,$ 9.373.812.698,$ 5.127.901.123
966,890321654,2020,$ 1.669.395.295,$ 7.964.871.478
967,900441733,2020,$ 2.524.628.644,$ 5.828.593.247
968,805027902,2020,$ 2.737.168.055,$ 4.226.073.693
969,1115069920,2020,$ 2.677.156.445,$ 20.500.000
970,900136052,2020,$ 76.126.944.050,$ 59.563.110.021
971,805023628,2020,$ 33.565.234.818,$ 38.227.861.442
972,900549954,2020,$ 15.010.000,$ 14.405.359
973,900062893,2020,$ 4.330.869.454,$ 5.091.737.758
974,805022413,2020,$ 10.346.530.788,$ 7.404.508.242
975,800037730,2020,$ 617.285.177,$ 470.386.186
976,805001509,2020,$ 1.540.847.857,$ 7.470.734.929
977,900815499,2020,$ 1.021.976.174,$ 1.146.486.148
978,900232113,2020,$ 20.336.437.183,$ 8.404.268.897
979,900266481,2020,$ 100.000.000,$ 384.000.000
980,900559691,2020,$ 447.153.321,$ 1.750.464.321
981,900713456,2020,$ 181.308.000,$ 779.999.800
982,900249610,2020,$ 663.558.648,$ 1.414.059.422
983,900243999,2020,$ 6.967.454.570,$ 13.335.900.450
984,900572444,2020,$ 25.982.880.000,$ 30.481.369.000
985,805016465,2020,$ 192.509.218,$ 322.844.810
986,900336405,2020,$ 241.431.026,$ 1.996.386.841
987,901059543,2020,$ 257.218.000,$ 701.824.000
988,4602732,2020,$ 621.695.000,$ 9.975.000
989,900355609,2020,$ 6.376.939.365,$ 9.566.857.364
990,900659573,2020,$ 12.503.372.000,$ 2.803.170.000
991,817006145,2020,$ 1.371.998.000,$ 0
992,900292211,2020,$ 121.378.394.014,$ 75.170.302.402
993,900935525,2020,$ 254.790.000,$ 3.829.166.000
994,900426342,2020,$ 40.004.250,$ 52.775.730
995,900687096,2020,$ 136.524.764.602,$ 64.249.070.990
996,900393478,2020,$ 41.097.861.660,$ 24.655.393.547
997,900496272,2020,$ 608.636.369,$ 987.062.218
998,805003267,2020,$ 572.355.691,$ 1.804.791.323
999,815001419,2020,$ 6.235.746.778,$ 18.778.522.662
1000,800253667,2020,$ 8.414.725.554,$ 27.519.712.027
1001,890324611,2020,$ 13.009.128.801,$ 12.179.626.473
1002,16511170,2020,$ 7.491.001.500,$ 3.536.761.733
1003,890316597,2020,$ 3.768.613.150,$ 47.129.166.991
1004,900468762,2020,$ 5.453.777.406,$ 5.032.201.895
1005,900551006,2020,$ 29.724.701.711,$ 23.503.871.721
1006,890923386,2020,$ 3.173.238.000,$ 705.137.400
1007,900581529,2020,$ 848.619.000,$ 742.659.000
1008,901111896,2020,$ 1.480.225.000,$ 5.140.342.662
1009,900171658,2020,$ 18.041.222.360,$ 10.662.304.879
1010,800058429,2020,$ 702.593.266,$ 1.224.057.392
1011,900695374,2020,$ 18.200.000,$ 10.650.000
1012,10271705,2020,$ 801.722.107,$ 1.374.015.881
1013,890316546,2020,$ 270.064.500,$ 657.866.000
1014,16690341,2020,$ 4.683.583.287,$ 17.035.813.000
1015,900855431,2020,$ 4.239.633.527,$ 1.677.765.568
1016,900307451,2020,$ 184.769.112,$ 689.526.793
1017,900581782,2020,$ 485.825.152,$ 363.237.498
1018,890400514,2020,$ 1.768.910.629,$ 33.263.645.000
1019,900690256,2020,$ 45.675.000,$ 2.117.608.967
1020,900701158,2020,$ 203.426.864,$ 333.213.095
1021,891301594,2020,$ 62.824.949.729,$ 53.120.346.392
1022,901098573,2020,$ 2.624.696.417,$ 1.351.477.000
1023,900047065,2020,$ 334.292.000,$ 818.141.000
1024,830067414,2020,$ 79.326.630.600,$ 123.842.985.000
1025,900133796,2020,$ 4.545.250.638,$ 3.859.042.677
1026,16679294,2020,$ 949.126.796,$ 233.326.256
1027,890326792,2020,$ 325.244.617,$ 2.311.238.499
1028,900872767,2020,$ 21.909.576.630,$ 50.360.574.918
1029,900614848,2020,$ 2.492.281.828,$ 5.728.670.519
1030,815004821,2020,$ 9.699.227.254,$ 22.294.299.385
1031,900201945,2020,$ 32.164.052.782,$ 73.931.149.702
1032,901460984,2020,$ 28.125.779.074,$ 64.648.917.142
1033,900718630,2020,$ 22.977.298.672,$ 52.814.802.892
1034,900336958,2020,$ 18.973.580.397,$ 43.611.998.222
1035,901363234,2020,$ 17.505.199.883,$ 40.236.830.909
1036,1010178082,2020,$ 15.911.562.153,$ 36.573.751.807
1037,901464504,2020,$ 13.375.217.246,$ 30.743.799.458
1038,1110175052,2020,$ 11.867.035.141,$ 27.277.145.623
1039,901250756,2020,$ 10.291.660.115,$ 23.656.044.524
1040,900651751,2020,$ 8.952.250.085,$ 20.577.324.185
1041,900914008,2020,$ 8.795.894.007,$ 20.217.929.656
1042,900741143,2020,$ 8.221.117.246,$ 18.896.768.202
1043,900732180,2020,$ 8.130.352.511,$ 18.688.139.606
1044,6390437,2020,$ 7.875.551.023,$ 18.102.461.951
1045,901079457,2020,$ 7.754.200.367,$ 17.823.529.643
1046,805002387,2020,$ 6.191.003.808,$ 14.230.421.536
1047,901020435,2020,$ 6.003.770.225,$ 13.800.053.068
1048,901207248,2020,$ 5.942.754.413,$ 13.659.804.291
1049,900701994,2020,$ 5.854.471.880,$ 13.456.881.194
1050,900492161,2020,$ 5.816.230.832,$ 13.368.981.679
1051,901075568,2020,$ 5.765.794.622,$ 13.253.050.796
1052,901079170,2020,$ 5.544.086.793,$ 12.743.441.054
1053,900840706,2020,$ 5.226.284.580,$ 12.012.952.171
1054,900930798,2020,$ 4.780.688.446,$ 10.988.720.718
1055,901291786,2020,$ 4.683.639.510,$ 10.765.647.481
1056,901529719,2020,$ 3.914.531.401,$ 8.997.802.889
1057,900995436,2020,$ 3.529.135.326,$ 8.111.945.156
1058,900836780,2020,$ 3.327.836.551,$ 7.649.246.938
1059,900387141,2020,$ 3.209.403.614,$ 7.377.021.193
1060,805016657,2020,$ 2.961.450.214,$ 6.807.084.312
1061,800089946,2020,$ 2.088.805.114,$ 4.801.253.270
1062,901061638,2020,$ 2.017.385.633,$ 4.637.090.988
1063,901113969,2020,$ 1.993.245.438,$ 4.581.603.191
1064,901548316,2020,$ 1.974.166.637,$ 4.537.749.337
1065,901032004,2020,$ 1.625.837.751,$ 3.737.092.928
1066,900220212,2020,$ 1.574.888.874,$ 3.619.983.647
1067,901123996,2020,$ 1.489.564.363,$ 3.423.859.757
1068,901193216,2020,$ 1.339.987.861,$ 3.080.048.521
1069,901229752,2020,$ 1.269.785.569,$ 2.918.684.023
1070,901531444,2020,$ 1.236.593.818,$ 2.842.390.644
1071,901149886,2020,$ 1.120.776.585,$ 2.576.177.264
1072,900709151,2020,$ 758.777.140,$ 1.744.098.193
1073,901374395,2020,$ 718.507.661,$ 1.651.536.198
1074,901177826,2020,$ 672.249.699,$ 1.545.209.290
1075,901130664,2020,$ 659.242.499,$ 1.515.311.401
1076,1144154158,2020,$ 513.749.244,$ 1.180.885.771
1077,16672301,2020,$ 371.149.930,$ 853.112.052
1078,901147807,2020,$ 366.632.563,$ 842.728.593
1079,901445121,2020,$ 351.142.686,$ 807.124.111
1080,94528938,2020,$ 314.348.172,$ 722.549.548
1081,901452614,2020,$ 229.896.832,$ 528.432.696
1082,16379154,2020,$ 220.942.513,$ 507.850.616
1083,1130631294,2020,$ 156.686.400,$ 360.153.795
1084,1144055490,2020,$ 152.455.867,$ 350.429.643
1085,4752598,2020,$ 127.307.700,$ 292.624.959
1086,901422710,2020,$ 118.971.332,$ 273.463.280
1087,900411563,2020,$ 110.527.758,$ 254.055.181
1088,821002527,2021,$ 532.279.000,$ 1.035.473.000
1089,900387949,2021,$ 250.000.000,$ 140.000.000
1090,2687157,2021,$ 6.442.143.000,$ 822.103.000
1091,900743505,2021,$ 1.940.493.000,$ 7.130.089.000
1092,805029618,2021,$ 991.635.794,$ 126.418.310
1093,900425253,2021,$ 213.605.811,$ 522.951.201
1094,815000207,2021,$ 410.962.456,$ 1.829.410.325
1095,900421732,2021,$ 384.886.023,$ 161.749.572
1096,14994152,2021,$ 360.000.000,$ 20.000.000
1097,900698749,2021,$ 300.000.000,$ 28.862.026
1098,900468830,2021,$ 1.116.614.000,$ 3.224.945.000
1099,805022666,2021,$ 980.826.000,$ 1.792.981.000
1100,900314134,2021,$ 108.062.404.000,$ 15.409.142.018
1101,900813653,2021,$ 5.609.622.000,$ 3.262.446.000
1102,94228462,2021,$ 100.000.000,$ 55.500.000
1103,900665357,2021,$ 627.473.119,$ 674.514.869
1104,890323692,2021,$ 584.986.104,$ 6.410.319.581
1105,900560706,2021,$ 1.396.163.993,$ 1.352.706.571
1106,805027396,2021,$ 1.602.586.000,$ 1.128.734.421
1107,900260056,2021,$ 59.359.107.000,$ 14.875.301.000
1108,901041336,2021,$ 4.241.733.000,$ 1.045.083.000
1109,900946950,2021,$ 3.324.747.688,$ 3.244.468.565
1110,900870666,2021,$ 1.070.003.892,$ 6.163.601.114
1111,16788871,2021,$ 2.070.000.000,$ 830.100.000
1112,900235229,2021,$ 2.260.481.000,$ 699.825.000
1113,900434637,2021,$ 15.685.691.000,$ 14.712.191.000
1114,900959486,2021,$ 1.767.656.000,$ 20.873.430.000
1115,900623520,2021,$ 4.967.494.277,$ 12.000.000
1116,14886862,2021,$ 1.070.000.000,$ 291.000.000
1117,891902901,2021,$ 183.158.097,$ 1.811.609.928
1118,900399560,2021,$ 35.485.030.750,$ 16.849.758.988
1119,14879452,2021,$ 3.460.540.927,$ 2.099.967.186
1120,890315430,2021,$ 108.821.733.000,$ 103.584.673.000
1121,815004662,2021,$ 1.040.679.000,$ 915.000.000
1122,900714090,2021,$ 15.475.089.455,$ 31.222.452.120
1123,900704183,2021,$ 592.627.500,$ 1.033.264.000
1124,900211167,2021,$ 273.264.351.000,$ 177.052.249.000
1125,890308185,2021,$ 996.433.900,$ 7.998.906.000
1126,900598186,2021,$ 14.621.687.560,$ 10.411.267.271
1127,900155962,2021,$ 4.695.545.000,$ 409.922.000
1128,900062314,2021,$ 65.126.170.699,$ 44.889.755.211
1129,900368993,2021,$ 238.524.760,$ 2.385.107.051
1130,890302633,2021,$ 176.919.336,$ 842.658.466
1131,900475886,2021,$ 4.136.102.829,$ 2.522.921.101
1132,890302046,2021,$ 20.198.830.979,$ 10.536.437.340
1133,821003038,2021,$ 8.750.655.000,$ 2.302.329.000
1134,890320876,2021,$ 31.083.732.448,$ 24.127.067.127
1135,31398767,2021,$ 432.000.000,$ 45.000.000
1136,900465987,2021,$ 769.422.553,$ 1.019.526.333
1137,900701608,2021,$ 480.477.832,$ 527.941.180
1138,890301690,2021,$ 259.167.248.500,$ 788.928.303.000
1139,900713176,2021,$ 973.744.383,$ 2.279.064.392
1140,900701552,2021,$ 610.282.097,$ 1.563.490.463
1141,890321213,2021,$ 93.859.242.000,$ 132.200.031.000
1142,800012375,2021,$ 44.876.138.022,$ 450.863.831.727
1143,805028041,2021,$ 119.502.839.848,$ 251.535.335.691
1144,891304366,2021,$ 12.998.875.768,$ 11.287.402.415
1145,900182154,2021,$ 16.232.317.349,$ 31.313.694.348
1146,900722412,2021,$ 1.300.376.820,$ 974.505.104
1147,900658139,2021,$ 1.415.910.304,$ 1.799.318.589
1148,900615557,2021,$ 150.088.905.765,$ 80.497.586.648
1149,890305636,2021,$ 1.778.321.322,$ 8.000.375.423
1150,900652085,2021,$ 60.435.198.000,$ 29.292.151.000
1151,890330035,2021,$ 60.004.131.000,$ 56.378.884.000
1152,815004192,2021,$ 5.849.643.185,$ 8.260.402.107
1153,890318231,2021,$ 4.201.957.236,$ 16.692.758.194
1154,900483014,2021,$ 56.467.784.100,$ 206.972.864.000
1155,805029389,2021,$ 11.482.509.789,$ 18.988.654.550
1156,900316186,2021,$ 20.889.210.556,$ 8.547.312.371
1157,900889950,2021,$ 1.271.845.000,$ 551.947.000
1158,900492170,2021,$ 3.144.403.000,$ 2.501.586.000
1159,860004828,2021,$ 493.497.554.000,$ 978.427.328.000
1160,891304762,2021,$ 420.868.759.250,$ 510.233.993.000
1161,890200474,2021,$ 565.525.858.000,$ 616.995.269.000
1162,891301549,2021,$ 232.711.034.803,$ 229.656.487.203
1163,900252353,2021,$ 4.994.331.267,$ 474.717.899
1164,815001865,2021,$ 688.375.883,$ 2.582.191.137
1165,900860606,2021,$ 16.166.061.634,$ 9.212.710.772
1166,900465206,2021,$ 498.665.220,$ 700.735.277
1167,890901271,2021,$ 1.050.170.983.200,$ 1.274.356.353.000
1168,800253444,2021,$ 14.507.562.012,$ 3.628.792.413
1169,900779063,2021,$ 535.458.875,$ 845.990.077
1170,890300406,2021,$ 307.620.750.000,$ 3.007.241.000.000
1171,890900291,2021,$ 501.570.594.562,$ 942.472.847.853
1172,900470505,2021,$ 3.510.657.426,$ 1.643.485.854
1173,900295397,2021,$ 4.253.260.300,$ 2.290.620.198
1174,900697085,2021,$ 775.863.155,$ 3.089.235.703
1175,890329874,2021,$ 53.133.686.000,$ 42.270.911.000
1176,890321924,2021,$ 18.148.127.400,$ 53.886.032.000
1177,805005717,2021,$ 33.474.042.000,$ 31.394.655.000
1178,900054845,2021,$ 4.220.657.106,$ 14.287.958.609
1179,805000830,2021,$ 22.186.602.798,$ 19.932.754.850
1180,900261264,2021,$ 3.621.503.350,$ 5.408.721.145
1181,830016868,2021,$ 414.778.822.150,$ 286.209.282.474
1182,805029321,2021,$ 20.472.121.000,$ 82.393.313.000
1183,900141893,2021,$ 10.474.460.176,$ 6.269.948.207
1184,900721021,2021,$ 867.965.000,$ 273.628.000
1185,800197463,2021,$ 1.534.333.233.000,$ 1.483.930.710.000
1186,900184187,2021,$ 101.419.063.234,$ 135.510.938.777
1187,815000863,2021,$ 933.545.412.521,$ 352.689.003.317
1188,900434884,2021,$ 7.367.025.981,$ 998.331.048
1189,890319047,2021,$ 196.809.900.000,$ 1.138.344.000.000
1190,900697405,2021,$ 924.037.000,$ 782.250.094
1191,900367173,2021,$ 8.623.152.823,$ 6.333.671.476
1192,860078622,2021,$ 23.357.080.500,$ 141.559.135.000
1193,890304130,2021,$ 2.153.361.117.995,$ 2.390.816.106.440
1194,805018495,2021,$ 382.300.228.897,$ 157.948.177.589
1195,836000548,2021,$ 100.893.342.824,$ 80.423.436.354
1196,890318919,2021,$ 197.008.329.000,$ 318.350.025.000
1197,830510909,2021,$ 8.314.174.019,$ 45.129.737.850
1198,901005320,2021,$ 7.800.752.349,$ 3.515.037.244
1199,900251223,2021,$ 7.549.846.133,$ 6.015.308.596
1200,800181845,2021,$ 38.877.517.494,$ 23.953.957.579
1201,900081370,2021,$ 12.848.335.515,$ 6.473.935.713
1202,800212192,2021,$ 9.777.867.110,$ 4.166.869.304
1203,815005138,2021,$ 8.209.051.992,$ 869.491.606
1204,900061224,2021,$ 34.256.464.700,$ 88.226.977.000
1205,900249451,2021,$ 236.245.000,$ 403.404.000
1206,805006833,2021,$ 14.275.008.230,$ 9.092.596.217
1207,900820214,2021,$ 840.639.236,$ 2.930.895.813
1208,805021782,2021,$ 24.072.663.700,$ 51.033.039.000
1209,6455307,2021,$ 417.913.500,$ 537.672.000
1210,900422419,2021,$ 15.371.603.176,$ 11.733.060.065
1211,12962177,2021,$ 148.567.570,$ 1.087.811.491
1212,14873340,2021,$ 10.726.095.934,$ 8.421.643.874
1213,900361008,2021,$ 46.949.787.578,$ 13.757.609.138
1214,900279757,2021,$ 22.572.203.529,$ 14.404.486.131
1215,815004569,2021,$ 9.229.834.165,$ 3.542.480.387
1216,890319806,2021,$ 4.930.177.515,$ 6.121.150.048
1217,890301291,2021,$ 41.132.140.250,$ 160.995.656.000
1218,900426195,2021,$ 7.256.420.910,$ 2.268.380.763
1219,900732561,2021,$ 1.348.968.402,$ 3.135.621.285
1220,900669827,2021,$ 9.685.932.272,$ 8.297.040.757
1221,805020223,2021,$ 1.851.702.000,$ 2.816.654.000
1222,805027988,2021,$ 96.407.854.748,$ 31.501.695.084
1223,800034614,2021,$ 32.109.389.719,$ 18.554.019.706
1224,900533799,2021,$ 5.070.445.176,$ 775.558.408
1225,890320250,2021,$ 89.511.920.879,$ 155.863.590.695
1226,890316242,2021,$ 26.370.053.400,$ 6.772.704.118
1227,900193996,2021,$ 354.875.998,$ 8.064.272.664
1228,900328449,2021,$ 8.516.110.950,$ 7.734.409.435
1229,805028991,2021,$ 20.289.215.699,$ 48.083.020.484
1230,900490692,2021,$ 24.408.996.397,$ 3.454.553.303
1231,805027024,2021,$ 23.327.985.700,$ 78.575.904.000
1232,890302442,2021,$ 21.202.377.764,$ 33.261.816.547
1233,38241586,2021,$ 5.066.940.351,$ 2.748.528.414
1234,805016173,2021,$ 13.856.563.108,$ 3.054.188.741
1235,900361607,2021,$ 7.128.686.755,$ 2.331.465.262
1236,890317831,2021,$ 52.494.494.000,$ 46.851.905.000
1237,900507715,2021,$ 7.302.237.408,$ 3.625.365.370
1238,890321654,2021,$ 2.298.490.005,$ 9.041.566.491
1239,900441733,2021,$ 2.155.264.442,$ 6.869.394.410
1240,805027902,2021,$ 3.152.391.680,$ 4.322.973.871
1241,1115069920,2021,$ 3.959.964.039,$ 25.000.000
1242,900136052,2021,$ 101.526.512.458,$ 61.260.594.960
1243,805023628,2021,$ 41.331.287.127,$ 42.955.730.347
1244,900549954,2021,$ 15.010.000,$ 14.405.359
1245,900062893,2021,$ 5.146.516.338,$ 5.759.906.411
1246,805022413,2021,$ 10.150.768.895,$ 6.726.920.237
1247,800037730,2021,$ 497.365.244,$ 472.496.432
1248,805001509,2021,$ 1.688.298.223,$ 7.261.580.829
1249,900815499,2021,$ 1.399.139.737,$ 1.188.823.415
1250,900232113,2021,$ 23.054.162.965,$ 9.591.606.000
1251,900266481,2021,$ 100.000.000,$ 384.000.000
1252,900559691,2021,$ 632.169.478,$ 1.886.064.638
1253,900713456,2021,$ 178.700.911,$ 435.921.500
1254,900249610,2021,$ 540.000.000,$ 1.378.349.028
1255,900243999,2021,$ 6.662.015.213,$ 13.337.900.450
1256,900572444,2021,$ 28.451.678.000,$ 31.778.090.000
1257,805016465,2021,$ 211.089.317,$ 323.127.332
1258,900336405,2021,$ 435.111.835,$ 1.639.849.849
1259,901059543,2021,$ 286.669.000,$ 690.347.000
1260,4602732,2021,$ 855.600.000,$ 10.088.000
1261,900355609,2021,$ 9.957.120.551,$ 12.204.100.178
1262,900659573,2021,$ 14.072.184.145,$ 3.302.813.770
1263,817006145,2021,$ 1.371.998.000,$ 777.324.092
1264,900292211,2021,$ 111.386.905.393,$ 94.512.515.308
1265,900935525,2021,$ 2.288.252.184,$ 4.536.083.986
1266,900426342,2021,$ 141.871.728,$ 48.810.231
1267,900687096,2021,$ 26.028.761.908,$ 64.249.070.990
1268,900393478,2021,$ 35.757.036.789,$ 24.115.461.396
1269,900496272,2021,$ 665.963.395,$ 1.098.886.166
1270,805003267,2021,$ 840.520.519,$ 2.199.842.482
1271,815001419,2021,$ 9.128.420.133,$ 15.405.120.903
1272,800253667,2021,$ 11.448.355.169,$ 28.874.977.290
1273,890324611,2021,$ 15.463.440.980,$ 10.151.758.608
1274,16511170,2021,$ 7.095.779.699,$ 6.208.725.559
1275,890316597,2021,$ 4.152.360.000,$ 45.947.658.000
1276,900468762,2021,$ 6.875.578.406,$ 5.122.015.826
1277,900551006,2021,$ 31.707.159.520,$ 24.036.961.406
1278,890923386,2021,$ 3.384.545.038,$ 751.676.468
1279,900581529,2021,$ 991.899.000,$ 742.659.000
1280,901111896,2021,$ 2.995.354.000,$ 4.849.140.000
1281,900171658,2021,$ 17.006.501.000,$ 12.080.156.000
1282,800058429,2021,$ 676.636.344,$ 1.275.761.906
1283,900695374,2021,$ 120.000.000,$ 15.000.000
1284,10271705,2021,$ 344.177.172,$ 1.602.043.643
1285,890316546,2021,$ 290.055.600,$ 604.506.000
1286,16690341,2021,$ 2.855.300.733,$ 16.252.248.650
1287,900855431,2021,$ 5.495.625.951,$ 1.820.610.365
1288,900307451,2021,$ 184.769.112,$ 669.790.393
1289,900581782,2021,$ 949.385.786,$ 355.931.400
1290,890400514,2021,$ 1.768.910.629,$ 33.263.645.000
1291,900690256,2021,$ 45.675.000,$ 2.117.608.967
1292,900701158,2021,$ 78.804.536,$ 338.223.569
1293,891301594,2021,$ 81.342.407.019,$ 74.832.097.111
1294,901098573,2021,$ 2.945.616.000,$ 1.871.190.203
1295,900047065,2021,$ 382.120.000,$ 842.637.000
1296,830067414,2021,$ 89.187.258.300,$ 125.891.797.000
1297,900133796,2021,$ 4.545.250.638,$ 5.156.380.825
1298,16679294,2021,$ 1.154.648.914,$ 291.606.056
1299,890326792,2021,$ 696.248.000,$ 2.353.605.471
1300,900872767,2021,$ 20.806.815.414,$ 54.151.155.826
1301,900614848,2021,$ 2.366.839.343,$ 6.159.860.773
1302,815004821,2021,$ 9.211.042.027,$ 23.972.364.930
1303,900201945,2021,$ 30.545.159.337,$ 79.495.859.895
1304,901460984,2021,$ 26.710.141.571,$ 69.514.964.669
1305,900718630,2021,$ 21.820.796.460,$ 56.790.110.636
1306,900336958,2021,$ 18.018.594.869,$ 46.894.621.744
1307,901363234,2021,$ 16.624.121.446,$ 43.265.409.579
1308,1010178082,2021,$ 15.110.695.302,$ 39.326.614.846
1309,901464504,2021,$ 12.702.010.680,$ 33.057.848.880
1310,1110175052,2021,$ 11.269.738.976,$ 29.330.264.111
1311,901250756,2021,$ 9.773.656.330,$ 25.436.607.015
1312,900651751,2021,$ 8.501.661.999,$ 22.126.155.037
1313,900914008,2021,$ 8.353.175.695,$ 21.739.709.308
1314,900741143,2021,$ 7.807.328.819,$ 20.319.105.594
1315,900732180,2021,$ 7.721.132.490,$ 20.094.773.770
1316,6390437,2021,$ 7.479.155.767,$ 19.465.012.851
1317,901079457,2021,$ 7.363.912.980,$ 19.165.085.638
1318,805002387,2021,$ 5.879.395.830,$ 15.301.528.533
1319,901020435,2021,$ 5.701.586.158,$ 14.838.766.740
1320,901207248,2021,$ 5.643.641.418,$ 14.687.961.603
1321,900701994,2021,$ 5.559.802.355,$ 14.469.764.725
1322,900492161,2021,$ 5.523.486.070,$ 14.375.249.117
1323,901075568,2021,$ 5.475.588.435,$ 14.250.592.254
1324,901079170,2021,$ 5.265.039.690,$ 13.702.624.789
1325,900840706,2021,$ 4.963.233.220,$ 12.917.152.872
1326,900930798,2021,$ 4.540.065.001,$ 11.815.828.730
1327,901291786,2021,$ 4.447.900.770,$ 11.575.965.033
1328,901529719,2021,$ 3.717.503.705,$ 9.675.056.870
1329,900995436,2021,$ 3.351.505.533,$ 8.722.521.673
1330,900836780,2021,$ 3.160.338.605,$ 8.224.996.707
1331,900387141,2021,$ 3.047.866.680,$ 7.932.280.853
1332,805016657,2021,$ 2.812.393.365,$ 7.319.445.497
1333,800089946,2021,$ 1.983.670.574,$ 5.162.637.925
1334,901061638,2021,$ 1.915.845.806,$ 4.986.119.342
1335,901113969,2021,$ 1.892.920.644,$ 4.926.455.044
1336,901548316,2021,$ 1.874.802.124,$ 4.879.300.362
1337,901032004,2021,$ 1.544.005.462,$ 4.018.379.493
1338,900220212,2021,$ 1.495.620.963,$ 3.892.455.535
1339,901123996,2021,$ 1.414.591.038,$ 3.681.569.632
1340,901193216,2021,$ 1.272.543.078,$ 3.311.880.130
1341,901229752,2021,$ 1.205.874.234,$ 3.138.369.918
1342,901531444,2021,$ 1.174.353.103,$ 3.056.334.026
1343,901149886,2021,$ 1.064.365.228,$ 2.770.083.080
1344,900709151,2021,$ 720.586.078,$ 1.875.374.401
1345,901374395,2021,$ 682.343.457,$ 1.775.845.374
1346,901177826,2021,$ 638.413.769,$ 1.661.515.365
1347,901130664,2021,$ 626.061.252,$ 1.629.367.098
1348,1144154158,2021,$ 487.891.020,$ 1.269.769.646
1349,16672301,2021,$ 352.469.070,$ 917.324.787
1350,901147807,2021,$ 348.179.073,$ 906.159.778
1351,901445121,2021,$ 333.468.837,$ 867.875.388
1352,94528938,2021,$ 298.526.280,$ 776.934.998
1353,901452614,2021,$ 218.325.577,$ 568.207.200
1354,16379154,2021,$ 209.821.950,$ 546.075.931
1355,1130631294,2021,$ 148.800.000,$ 387.262.145
1356,1144055490,2021,$ 144.782.400,$ 376.806.067
1357,4752598,2021,$ 120.900.000,$ 314.650.493
1358,901422710,2021,$ 112.983.221,$ 294.046.537
1359,900411563,2021,$ 104.964.633,$ 273.177.614
1360,821002527,2022,$ 532.279.000,$ 1.092.424.015
1361,900387949,2022,$ 250.000.000,$ 147.700.000
1362,2687157,2022,$ 6.442.143.000,$ 867.318.665
1363,900743505,2022,$ 1.940.493.000,$ 7.522.243.895
1364,805029618,2022,$ 991.635.794,$ 133.371.317
1365,900425253,2022,$ 213.605.811,$ 551.713.517
1366,815000207,2022,$ 410.962.456,$ 1.930.027.892
1367,900421732,2022,$ 384.886.023,$ 170.645.798
1368,14994152,2022,$ 360.000.000,$ 21.100.000
1369,900698749,2022,$ 300.000.000,$ 30.449.437
1370,900468830,2022,$ 1.116.614.000,$ 3.402.316.975
1371,805022666,2022,$ 980.826.000,$ 1.891.594.955
1372,900314134,2022,$ 136.502.153.370,$ 16.256.644.828
1373,900813653,2022,$ 19.700.011.000,$ 3.441.880.530
1374,94228462,2022,$ 297.379.953,$ 58.552.500
1375,900665357,2022,$ 1.253.920.079,$ 711.613.186
1376,890323692,2022,$ 1.103.006.314,$ 6.762.887.157
1377,900560706,2022,$ 2.611.782.175,$ 1.427.105.432
1378,805027396,2022,$ 2.926.277.359,$ 1.190.814.814
1379,900260056,2022,$ 105.944.268.000,$ 15.693.442.555
1380,901041336,2022,$ 7.395.992.000,$ 1.102.562.565
1381,900946950,2022,$ 5.693.464.341,$ 3.422.914.336
1382,900870666,2022,$ 1.767.969.084,$ 6.502.599.175
1383,16788871,2022,$ 3.400.000.000,$ 875.755.500
1384,900235229,2022,$ 3.700.976.000,$ 738.315.375
1385,900434637,2022,$ 25.628.272.000,$ 15.521.361.505
1386,900959486,2022,$ 2.876.526.000,$ 22.021.468.650
1387,900623520,2022,$ 8.022.531.069,$ 12.660.000
1388,14886862,2022,$ 1.700.313.000,$ 307.005.000
1389,891902901,2022,$ 288.413.547,$ 1.911.248.474
1390,900399560,2022,$ 55.800.885.925,$ 17.776.495.732
1391,14879452,2022,$ 5.423.300.212,$ 2.215.465.381
1392,890315430,2022,$ 169.272.606.000,$ 109.281.830.015
1393,815004662,2022,$ 1.618.448.000,$ 965.325.000
1394,900714090,2022,$ 23.721.828.220,$ 32.939.686.986
1395,900704183,2022,$ 901.915.284,$ 1.090.093.520
1396,900211167,2022,$ 415.428.005.000,$ 186.790.122.695
1397,890308185,2022,$ 1.510.690.900,$ 8.438.845.829
1398,900598186,2022,$ 22.030.999.069,$ 10.983.886.970
1399,900155962,2022,$ 7.061.352.191,$ 432.467.710
1400,900062314,2022,$ 97.921.000.294,$ 47.358.691.747
1401,900368993,2022,$ 356.507.462,$ 2.516.287.938
1402,890302633,2022,$ 264.374.726,$ 889.004.681
1403,900475886,2022,$ 6.138.310.252,$ 2.661.681.761
1404,890302046,2022,$ 29.954.965.500,$ 11.115.941.393
1405,821003038,2022,$ 12.796.830.000,$ 2.428.957.095
1406,890320876,2022,$ 45.356.793.203,$ 25.454.055.818
1407,31398767,2022,$ 621.000.000,$ 47.475.000
1408,900465987,2022,$ 1.105.788.249,$ 1.075.600.281
1409,900701608,2022,$ 687.180.508,$ 556.977.944
1410,890301690,2022,$ 370.226.156.500,$ 832.319.359.665
1411,900713176,2022,$ 1.388.771.148,$ 2.404.412.933
1412,900701552,2022,$ 870.165.717,$ 1.649.482.438
1413,890321213,2022,$ 133.446.868.000,$ 139.471.032.705
1414,800012375,2022,$ 63.339.674.011,$ 475.661.342.471
1415,805028041,2022,$ 167.946.861.884,$ 265.369.779.154
1416,891304366,2022,$ 18.207.603.245,$ 11.908.209.547
1417,900182154,2022,$ 22.639.650.000,$ 33.035.947.537
1418,900722412,2022,$ 1.806.000.000,$ 1.028.102.884
1419,900658139,2022,$ 1.966.195.237,$ 1.898.281.111
1420,900615557,2022,$ 207.151.394.829,$ 84.924.953.913
1421,890305636,2022,$ 2.451.043.771,$ 8.440.396.071
1422,900652085,2022,$ 83.084.565.980,$ 30.903.219.305
1423,890330035,2022,$ 82.352.788.000,$ 59.479.722.620
1424,815004192,2022,$ 7.972.936.248,$ 8.714.724.222
1425,890318231,2022,$ 5.711.398.269,$ 17.610.859.894
1426,900483014,2022,$ 76.542.001.500,$ 218.356.371.520
1427,805029389,2022,$ 15.556.332.353,$ 20.033.030.550
1428,900316186,2022,$ 28.277.052.350,$ 9.017.414.551
1429,900889950,2022,$ 1.717.987.000,$ 582.304.085
1430,900492170,2022,$ 4.230.617.000,$ 2.639.173.230
1431,860004828,2022,$ 658.042.754.250,$ 1.032.240.831.040
1432,891304762,2022,$ 560.363.368.000,$ 538.296.862.614
1433,890200474,2022,$ 749.793.211.000,$ 650.930.008.795
1434,891301549,2022,$ 308.433.355.047,$ 242.287.593.999
1435,900252353,2022,$ 6.618.823.345,$ 500.827.383
1436,815001865,2022,$ 908.908.318,$ 2.724.211.649
1437,900860606,2022,$ 21.342.495.092,$ 9.719.409.864
1438,900465206,2022,$ 657.218.408,$ 739.275.717
1439,890901271,2022,$ 1.383.596.930.800,$ 1.344.445.952.415
1440,800253444,2022,$ 19.053.423.562,$ 3.828.375.995
1441,900779063,2022,$ 701.736.267,$ 892.519.531
1442,890300406,2022,$ 401.550.750.000,$ 3.172.639.255.000
1443,890900291,2022,$ 653.103.777.863,$ 994.308.854.484
1444,900470505,2022,$ 4.569.278.628,$ 1.733.877.575
1445,900295397,2022,$ 5.504.458.364,$ 2.416.604.308
1446,900697085,2022,$ 1.001.914.616,$ 3.259.143.666
1447,890329874,2022,$ 68.540.218.000,$ 44.595.811.105
1448,890321924,2022,$ 23.345.076.600,$ 56.849.763.760
1449,805005717,2022,$ 42.886.716.000,$ 33.121.361.024
1450,900054845,2022,$ 5.400.455.941,$ 15.073.796.332
1451,805000830,2022,$ 28.350.190.492,$ 21.029.056.366
1452,900261264,2022,$ 4.618.033.157,$ 5.706.200.807
1453,830016868,2022,$ 527.691.634.773,$ 301.950.793.010
1454,805029321,2022,$ 26.028.485.600,$ 86.924.945.215
1455,900141893,2022,$ 13.285.551.658,$ 6.614.795.358
1456,900721021,2022,$ 1.100.070.000,$ 288.677.540
1457,800197463,2022,$ 1.939.706.672.000,$ 1.565.546.899.050
1458,900184187,2022,$ 127.883.741.245,$ 142.964.040.409
1459,815000863,2022,$ 1.176.767.326.193,$ 372.086.898.499
1460,900434884,2022,$ 9.273.174.895,$ 1.053.239.255
1461,890319047,2022,$ 247.334.700.000,$ 1.200.952.920.000
1462,900697405,2022,$ 1.161.153.560,$ 825.273.849
1463,900367173,2022,$ 10.778.211.161,$ 6.682.023.407
1464,860078622,2022,$ 29.179.872.600,$ 149.344.887.425
1465,890304130,2022,$ 2.683.662.021.763,$ 2.522.310.992.294
1466,805018495,2022,$ 475.865.051.015,$ 166.635.327.356
1467,836000548,2022,$ 125.347.692.514,$ 84.846.725.353
1468,890318919,2022,$ 243.709.432.000,$ 335.859.276.375
1469,830510909,2022,$ 10.277.370.455,$ 47.611.873.431
1470,901005320,2022,$ 9.632.392.314,$ 3.708.364.292
1471,900251223,2022,$ 9.297.252.089,$ 6.346.150.568
1472,800181845,2022,$ 47.498.841.452,$ 25.271.425.245
1473,900081370,2022,$ 15.660.977.772,$ 6.830.002.177
1474,800212192,2022,$ 11.887.379.028,$ 4.396.047.115
1475,815005138,2022,$ 9.901.935.321,$ 917.313.644
1476,900061224,2022,$ 41.319.422.500,$ 93.079.460.735
1477,900249451,2022,$ 284.477.000,$ 425.591.220
1478,805006833,2022,$ 17.137.586.965,$ 9.592.689.008
1479,900820214,2022,$ 1.008.794.511,$ 3.092.095.082
1480,805021782,2022,$ 28.810.071.000,$ 53.839.856.145
1481,6455307,2022,$ 499.511.585,$ 567.243.960
1482,900422419,2022,$ 18.331.700.095,$ 12.378.378.368
1483,12962177,2022,$ 177.150.000,$ 1.147.641.123
1484,14873340,2022,$ 12.746.742.486,$ 8.884.834.287
1485,900361008,2022,$ 55.652.511.967,$ 14.514.277.640
1486,900279757,2022,$ 26.746.632.178,$ 15.196.732.868
1487,815004569,2022,$ 10.915.343.632,$ 3.737.316.808
1488,890319806,2022,$ 5.819.714.535,$ 6.457.813.300
1489,890301291,2022,$ 48.509.620.500,$ 169.850.417.080
1490,900426195,2022,$ 8.553.512.000,$ 2.393.141.704
1491,900732561,2022,$ 1.588.510.200,$ 3.308.080.455
1492,900669827,2022,$ 11.372.757.044,$ 8.753.377.998
1493,805020223,2022,$ 2.172.829.000,$ 2.971.569.970
1494,805027988,2022,$ 112.962.977.057,$ 33.234.288.313
1495,800034614,2022,$ 37.601.686.822,$ 19.574.490.789
1496,900533799,2022,$ 5.909.778.983,$ 818.214.120
1497,890320250,2022,$ 104.290.955.009,$ 164.436.088.183
1498,890316242,2022,$ 30.687.800.112,$ 7.145.202.844
1499,900193996,2022,$ 407.397.379,$ 8.507.807.660
1500,900328449,2022,$ 9.741.613.021,$ 8.159.801.953
1501,805028991,2022,$ 23.191.010.144,$ 50.727.586.610
1502,900490692,2022,$ 27.892.926.322,$ 3.644.553.734
1503,805027024,2022,$ 26.636.562.100,$ 82.897.578.720
1504,890302442,2022,$ 24.174.138.239,$ 35.091.216.457
1505,38241586,2022,$ 5.769.773.734,$ 2.899.697.476
1506,805016173,2022,$ 15.777.913.112,$ 3.222.169.121
1507,900361607,2022,$ 8.109.687.477,$ 2.459.695.851
1508,890317831,2022,$ 59.013.930.000,$ 49.428.759.775
1509,900507715,2022,$ 8.186.780.365,$ 3.824.760.465
1510,890321654,2022,$ 2.570.751.412,$ 9.538.852.648
1511,900441733,2022,$ 2.396.019.120,$ 7.247.211.102
1512,805027902,2022,$ 3.495.040.841,$ 4.560.737.433
1513,1115069920,2022,$ 4.357.417.915,$ 26.375.000
1514,900136052,2022,$ 110.790.380.519,$ 64.629.927.682
1515,805023628,2022,$ 45.087.015.861,$ 45.318.295.516
1516,900549954,2022,$ 16.300.778,$ 15.197.653
1517,900062893,2022,$ 5.583.254.238,$ 6.076.701.263
1518,805022413,2022,$ 10.999.636.150,$ 7.096.900.850
1519,800037730,2022,$ 532.891.737,$ 498.483.735
1520,805001509,2022,$ 1.804.690.826,$ 7.660.967.774
1521,900815499,2022,$ 1.491.889.408,$ 1.254.208.702
1522,900232113,2022,$ 24.477.532.000,$ 10.119.144.330
1523,900266481,2022,$ 105.000.000,$ 405.120.000
1524,900559691,2022,$ 661.385.723,$ 1.989.798.193
1525,900713456,2022,$ 186.798.000,$ 459.897.182
1526,900249610,2022,$ 557.820.000,$ 1.454.158.224
1527,900243999,2022,$ 6.869.341.991,$ 14.071.484.974
1528,900572444,2022,$ 29.300.241.000,$ 33.525.884.949
1529,805016465,2022,$ 216.615.600,$ 340.899.335
1530,900336405,2022,$ 446.318.501,$ 1.730.041.590
1531,901059543,2022,$ 290.551.000,$ 728.316.085
1532,4602732,2022,$ 865.000.000,$ 10.642.840
1533,900355609,2022,$ 10.064.483.000,$ 12.875.325.687
1534,900659573,2022,$ 14.203.743.058,$ 3.484.468.527
1535,817006145,2022,$ 1.380.075.405,$ 820.076.917
1536,900292211,2022,$ 111.568.484.532,$ 99.710.703.649
1537,900935525,2022,$ 2.288.252.184,$ 4.785.568.605
1538,900426342,2022,$ 141.871.728,$ 51.494.793
1539,900687096,2022,$ 26.017.049.819,$ 67.782.769.894
1540,900393478,2022,$ 35.050.532.391,$ 25.441.811.772
1541,900496272,2022,$ 650.308.065,$ 1.159.324.905
1542,805003267,2022,$ 817.928.042,$ 2.320.833.818
1543,815001419,2022,$ 8.755.565.582,$ 16.252.402.552
1544,800253667,2022,$ 10.852.733.802,$ 30.463.101.040
1545,890324611,2022,$ 14.398.459.510,$ 10.710.105.331
1546,16511170,2022,$ 6.320.847.193,$ 6.550.205.464
1547,890316597,2022,$ 3.634.014.143,$ 48.474.779.190
1548,900468762,2022,$ 6.009.050.998,$ 5.403.726.696
1549,900551006,2022,$ 27.658.891.963,$ 25.358.994.283
1550,890923386,2022,$ 2.924.843.050,$ 793.018.673
1551,900581529,2022,$ 837.433.000,$ 783.505.245
1552,901111896,2022,$ 2.329.466.637,$ 5.115.842.700
1553,900171658,2022,$ 12.658.305.000,$ 12.744.564.580
1554,800058429,2022,$ 474.368.930,$ 1.345.928.810
1555,900695374,2022,$ 72.600.000,$ 15.824.999
1556,10271705,2022,$ 101.676.236,$ 1.690.156.043
1557,890316546,2022,$ 77.759.400,$ 637.753.830
1558,16690341,2022,$ 706.748.386,$ 17.146.122.325
1559,900855431,2022,$ 934.801.829,$ 1.920.743.935
1560,900307451,2022,$ 24.000.000,$ 706.628.864
1561,900581782,2022,$ 119.909.674,$ 375.507.627
1562,890400514,2022,$ 168.535.877,$ 35.093.145.475
1563,900690256,2022,$ 1.932.000,$ 2.234.077.460
1564,900701158,2022,$ 2.800.000,$ 356.825.865
1565,891301594,2022,$ 124.555.524.065,$ 78.947.862.452
1566,901098573,2022,$ 4.264.428.450,$ 1.974.105.664
1567,900047065,2022,$ 503.270.000,$ 888.982.035
1568,830067414,2022,$ 116.478.624.500,$ 132.815.845.834
1569,900133796,2022,$ 5.463.495.866,$ 5.439.981.770
1570,16679294,2022,$ 1.365.828.756,$ 307.644.389
1571,890326792,2022,$ 696.248.000,$ 2.483.053.771
1572,900872767,2022,$ 22.372.919.800,$ 57.129.469.396
1573,900614848,2022,$ 2.544.988.541,$ 6.498.653.115
1574,815004821,2022,$ 9.904.346.265,$ 25.290.845.001
1575,900201945,2022,$ 32.844.257.352,$ 83.868.132.189
1576,901460984,2022,$ 28.720.582.335,$ 73.338.287.726
1577,900718630,2022,$ 23.463.222.000,$ 59.913.566.722
1578,900336958,2022,$ 19.374.833.193,$ 49.473.825.940
1579,901363234,2022,$ 17.875.399.405,$ 45.645.007.106
1580,1010178082,2022,$ 16.248.059.465,$ 41.489.578.663
1581,901464504,2022,$ 13.658.076.000,$ 34.876.030.569
1582,1110175052,2022,$ 12.117.998.899,$ 30.943.428.637
1583,901250756,2022,$ 10.509.307.882,$ 26.835.620.401
1584,900651751,2022,$ 9.141.572.042,$ 23.343.093.565
1585,900914008,2022,$ 8.981.909.350,$ 22.935.393.320
1586,900741143,2022,$ 8.394.977.225,$ 21.436.656.402
1587,900732180,2022,$ 8.302.293.000,$ 21.199.986.327
1588,6390437,2022,$ 8.042.102.976,$ 20.535.588.558
1589,901079457,2022,$ 7.918.186.000,$ 20.219.165.348
1590,805002387,2022,$ 6.321.931.000,$ 16.143.112.603
1591,901020435,2022,$ 6.130.737.805,$ 15.654.898.910
1592,901207248,2022,$ 6.068.431.633,$ 15.495.799.491
1593,900701994,2022,$ 5.978.282.103,$ 15.265.601.785
1594,900492161,2022,$ 5.939.232.334,$ 15.165.887.818
1595,901075568,2022,$ 5.887.729.500,$ 15.034.374.828
1596,901079170,2022,$ 5.661.333.000,$ 14.456.269.153
1597,900840706,2022,$ 5.336.809.914,$ 13.627.596.280
1598,900930798,2022,$ 4.881.790.324,$ 12.465.699.310
1599,901291786,2022,$ 4.782.689.000,$ 12.212.643.110
1600,901529719,2022,$ 3.997.315.812,$ 10.207.184.998
1601,900995436,2022,$ 3.603.769.391,$ 9.202.260.365
1602,900836780,2022,$ 3.398.213.554,$ 8.677.371.526
1603,900387141,2022,$ 3.277.276.000,$ 8.368.556.300
1604,805016657,2022,$ 3.024.078.888,$ 7.722.014.999
1605,800089946,2022,$ 2.132.979.112,$ 5.446.583.011
1606,901061638,2022,$ 2.060.049.254,$ 5.260.355.906
1607,901113969,2022,$ 2.035.398.542,$ 5.197.410.072
1608,901548316,2022,$ 2.015.916.263,$ 5.147.661.882
1609,901032004,2022,$ 1.660.220.927,$ 4.239.390.365
1610,900220212,2022,$ 1.608.194.584,$ 4.106.540.589
1611,901123996,2022,$ 1.521.065.633,$ 3.884.055.961
1612,901193216,2022,$ 1.368.325.891,$ 3.494.033.537
1613,901229752,2022,$ 1.296.638.962,$ 3.310.980.263
1614,901531444,2022,$ 1.262.745.273,$ 3.224.432.397
1615,901149886,2022,$ 1.144.478.740,$ 2.922.437.649
1616,900709151,2022,$ 774.823.740,$ 1.978.519.993
1617,901374395,2022,$ 733.702.643,$ 1.873.516.870
1618,901177826,2022,$ 686.466.419,$ 1.752.898.710
1619,901130664,2022,$ 673.184.143,$ 1.718.982.289
1620,1144154158,2022,$ 524.614.000,$ 1.339.606.976
1621,16672301,2022,$ 378.999.000,$ 967.777.651
1622,901147807,2022,$ 374.386.100,$ 955.998.565
1623,901445121,2022,$ 358.568.643,$ 915.608.534
1624,94528938,2022,$ 320.996.000,$ 819.666.423
1625,901452614,2022,$ 234.758.685,$ 599.458.596
1626,16379154,2022,$ 225.615.000,$ 576.110.107
1627,1130631294,2022,$ 160.000.000,$ 408.561.563
1628,1144055490,2022,$ 155.680.000,$ 397.530.401
1629,4752598,2022,$ 130.000.000,$ 331.956.270
1630,901422710,2022,$ 121.487.335,$ 310.219.097
1631,900411563,2022,$ 112.865.197,$ 288.202.383
